x,BER Mean unrestricted,std,
1,4.94E-01,7.97E-03,
2,5.02E-01,9.17E-03,
3,5.00E-01,5.87E-03,
4,5.00E-01,1.40E-02,
5,4.97E-01,1.33E-02,
6,4.98E-01,1.07E-02,
7,5.03E-01,6.36E-03,
8,4.99E-01,8.33E-03,
9,4.99E-01,1.21E-02,
10,5.01E-01,9.62E-03,
11,4.96E-01,1.04E-02,
12,4.98E-01,1.02E-02,
13,4.99E-01,1.07E-02,
14,4.95E-01,1.29E-02,
15,4.93E-01,6.46E-03,
16,5.01E-01,8.79E-03,
17,5.00E-01,1.32E-02,
18,5.02E-01,7.95E-03,
19,4.98E-01,1.09E-02,
20,4.98E-01,1.03E-02,
21,4.97E-01,1.19E-02,
22,5.00E-01,5.68E-03,
23,5.00E-01,1.47E-02,
24,4.96E-01,1.00E-02,
25,4.94E-01,1.17E-02,
26,4.97E-01,9.99E-03,
27,4.98E-01,1.04E-02,
28,4.95E-01,1.02E-02,
29,4.96E-01,8.42E-03,
30,4.95E-01,1.27E-02,
31,4.96E-01,1.20E-02,
32,5.03E-01,1.11E-02,
33,4.94E-01,1.02E-02,
34,4.96E-01,7.68E-03,
35,4.96E-01,1.32E-02,
36,4.99E-01,1.33E-02,
37,4.95E-01,1.50E-02,
38,4.99E-01,1.44E-02,
39,4.99E-01,1.28E-02,
40,4.88E-01,1.20E-02,
41,4.92E-01,9.86E-03,
42,4.92E-01,1.02E-02,
43,4.90E-01,1.26E-02,
44,4.91E-01,1.00E-02,
45,4.93E-01,1.46E-02,
46,4.94E-01,1.58E-02,
47,4.96E-01,1.42E-02,
48,4.93E-01,1.04E-02,
49,4.87E-01,1.17E-02,
50,4.91E-01,1.65E-02,
51,4.87E-01,1.33E-02,
52,4.90E-01,1.21E-02,
53,4.92E-01,1.08E-02,
54,4.86E-01,1.43E-02,
55,4.87E-01,1.32E-02,
56,4.85E-01,1.52E-02,
57,4.92E-01,9.71E-03,
58,4.90E-01,1.67E-02,
59,4.84E-01,2.12E-02,
60,4.82E-01,1.58E-02,
61,4.91E-01,2.05E-02,
62,4.86E-01,2.13E-02,
63,4.79E-01,1.90E-02,
64,4.75E-01,1.81E-02,
65,4.81E-01,2.36E-02,
66,4.78E-01,1.77E-02,
67,4.74E-01,1.98E-02,
68,4.74E-01,2.06E-02,
69,4.80E-01,2.13E-02,
70,4.81E-01,2.69E-02,
71,4.70E-01,2.33E-02,
72,4.80E-01,2.28E-02,
73,4.74E-01,2.28E-02,
74,4.68E-01,2.74E-02,
75,4.74E-01,2.53E-02,
76,4.69E-01,2.36E-02,
77,4.65E-01,3.73E-02,
78,4.72E-01,2.79E-02,
79,4.73E-01,2.80E-02,
80,4.58E-01,2.74E-02,
81,4.61E-01,3.19E-02,
82,4.58E-01,3.38E-02,
83,4.57E-01,3.46E-02,
84,4.53E-01,3.36E-02,
85,4.58E-01,3.22E-02,
86,4.54E-01,3.87E-02,
87,4.53E-01,3.65E-02,
88,4.55E-01,3.61E-02,
89,4.54E-01,3.59E-02,
90,4.51E-01,4.22E-02,
91,4.42E-01,3.58E-02,
92,4.42E-01,3.28E-02,
93,4.46E-01,3.40E-02,
94,4.45E-01,3.76E-02,
95,4.39E-01,3.55E-02,
96,4.35E-01,3.94E-02,
97,4.37E-01,4.47E-02,
98,4.32E-01,3.33E-02,
99,4.34E-01,4.43E-02,
100,4.34E-01,4.64E-02,
101,4.25E-01,4.14E-02,
102,4.23E-01,4.18E-02,
103,4.19E-01,3.98E-02,
104,4.27E-01,4.84E-02,
105,4.23E-01,4.39E-02,
106,4.23E-01,4.35E-02,
107,4.16E-01,5.06E-02,
108,4.14E-01,4.24E-02,
109,4.08E-01,3.81E-02,
110,4.14E-01,4.31E-02,
111,4.13E-01,4.37E-02,
112,4.09E-01,4.83E-02,
113,4.10E-01,3.87E-02,
114,4.04E-01,4.22E-02,
115,4.07E-01,5.02E-02,
116,4.06E-01,4.63E-02,
117,3.98E-01,4.63E-02,
118,3.94E-01,5.18E-02,
119,3.97E-01,5.11E-02,
120,3.96E-01,4.97E-02,
121,3.90E-01,4.97E-02,
122,3.90E-01,5.32E-02,
123,3.84E-01,4.89E-02,
124,3.86E-01,4.97E-02,
125,3.82E-01,5.32E-02,
126,3.84E-01,5.34E-02,
127,3.75E-01,5.51E-02,
128,3.83E-01,5.61E-02,
129,3.73E-01,5.95E-02,
130,3.75E-01,6.38E-02,
131,3.69E-01,5.87E-02,
132,3.64E-01,6.12E-02,
133,3.63E-01,6.09E-02,
134,3.64E-01,5.98E-02,
135,3.68E-01,6.17E-02,
136,3.56E-01,6.12E-02,
137,3.60E-01,6.06E-02,
138,3.50E-01,5.95E-02,
139,3.53E-01,5.93E-02,
140,3.49E-01,6.10E-02,
141,3.42E-01,6.70E-02,
142,3.49E-01,6.41E-02,
143,3.41E-01,6.48E-02,
144,3.43E-01,6.66E-02,
145,3.33E-01,6.51E-02,
146,3.32E-01,5.51E-02,
147,3.27E-01,6.59E-02,
148,3.32E-01,6.51E-02,
149,3.28E-01,6.70E-02,
150,3.22E-01,6.59E-02,
151,3.21E-01,6.35E-02,
152,3.20E-01,6.56E-02,
153,3.14E-01,6.78E-02,
154,3.11E-01,6.51E-02,
155,3.09E-01,6.46E-02,
156,3.06E-01,6.85E-02,
157,3.10E-01,6.59E-02,
158,3.05E-01,6.83E-02,
159,3.02E-01,6.54E-02,
160,2.97E-01,6.94E-02,
161,2.99E-01,7.09E-02,
162,2.85E-01,7.37E-02,
163,2.92E-01,7.74E-02,
164,2.84E-01,7.43E-02,
165,2.82E-01,6.83E-02,
166,2.84E-01,7.36E-02,
167,2.81E-01,7.58E-02,
168,2.76E-01,7.29E-02,
169,2.72E-01,8.01E-02,
170,2.68E-01,7.74E-02,
171,2.70E-01,7.82E-02,
172,2.70E-01,6.99E-02,
173,2.67E-01,7.78E-02,
174,2.60E-01,8.43E-02,
175,2.52E-01,7.93E-02,
176,2.48E-01,8.69E-02,
177,2.51E-01,8.63E-02,
178,2.48E-01,7.63E-02,
179,2.47E-01,8.55E-02,
180,2.42E-01,9.08E-02,
181,2.38E-01,8.73E-02,
182,2.34E-01,9.78E-02,
183,2.32E-01,8.82E-02,
184,2.29E-01,9.55E-02,
185,2.26E-01,9.89E-02,
186,2.20E-01,1.04E-01,
187,2.12E-01,9.70E-02,
188,2.20E-01,1.06E-01,
189,2.10E-01,1.03E-01,
190,2.05E-01,1.05E-01,
191,2.07E-01,1.09E-01,
192,2.04E-01,1.10E-01,
193,1.95E-01,1.12E-01,
194,1.98E-01,1.13E-01,
195,1.95E-01,1.16E-01,
196,1.94E-01,1.15E-01,
197,1.89E-01,1.15E-01,
198,1.87E-01,1.20E-01,
199,1.86E-01,1.20E-01,
200,1.83E-01,1.24E-01,
201,1.81E-01,1.29E-01,
202,1.80E-01,1.19E-01,
203,1.78E-01,1.27E-01,
204,1.77E-01,1.26E-01,
205,1.74E-01,1.29E-01,
206,1.72E-01,1.26E-01,
207,1.70E-01,1.28E-01,
208,1.67E-01,1.32E-01,
209,1.68E-01,1.32E-01,
210,1.64E-01,1.32E-01,
211,1.64E-01,1.31E-01,
212,1.61E-01,1.36E-01,
213,1.58E-01,1.34E-01,
214,1.60E-01,1.36E-01,
215,1.60E-01,1.38E-01,
216,1.61E-01,1.39E-01,
217,1.55E-01,1.37E-01,
218,1.58E-01,1.40E-01,
219,1.56E-01,1.39E-01,
220,1.53E-01,1.41E-01,
221,1.51E-01,1.36E-01,
222,1.49E-01,1.40E-01,
223,1.49E-01,1.39E-01,
224,1.50E-01,1.41E-01,
225,1.48E-01,1.41E-01,
226,1.45E-01,1.41E-01,
227,1.47E-01,1.38E-01,
228,1.46E-01,1.42E-01,
229,1.46E-01,1.43E-01,
230,1.45E-01,1.48E-01,
231,1.46E-01,1.44E-01,
232,1.48E-01,1.43E-01,
233,1.43E-01,1.43E-01,
234,1.46E-01,1.45E-01,
235,1.44E-01,1.41E-01,
236,1.41E-01,1.44E-01,
237,1.41E-01,1.47E-01,
238,1.44E-01,1.46E-01,
239,1.41E-01,1.48E-01,
240,1.40E-01,1.44E-01,
241,1.42E-01,1.50E-01,
242,1.42E-01,1.51E-01,
243,1.38E-01,1.44E-01,
244,1.37E-01,1.48E-01,
245,1.43E-01,1.53E-01,
246,1.38E-01,1.47E-01,
247,1.39E-01,1.44E-01,
248,1.39E-01,1.45E-01,
249,1.41E-01,1.49E-01,
250,1.40E-01,1.51E-01,
251,1.42E-01,1.49E-01,
252,1.36E-01,1.49E-01,
253,1.38E-01,1.46E-01,
254,1.33E-01,1.46E-01,
255,1.35E-01,1.47E-01,
256,1.39E-01,1.45E-01,
257,1.33E-01,1.44E-01,
258,1.34E-01,1.41E-01,
259,1.33E-01,1.47E-01,
260,1.34E-01,1.45E-01,
261,1.35E-01,1.45E-01,
262,1.36E-01,1.48E-01,
263,1.34E-01,1.46E-01,
264,1.33E-01,1.42E-01,
265,1.31E-01,1.46E-01,
266,1.35E-01,1.42E-01,
267,1.32E-01,1.41E-01,
268,1.29E-01,1.39E-01,
269,1.28E-01,1.35E-01,
270,1.29E-01,1.45E-01,
271,1.28E-01,1.42E-01,
272,1.26E-01,1.39E-01,
273,1.30E-01,1.41E-01,
274,1.25E-01,1.37E-01,
275,1.27E-01,1.36E-01,
276,1.28E-01,1.41E-01,
277,1.25E-01,1.34E-01,
278,1.24E-01,1.34E-01,
279,1.24E-01,1.40E-01,
280,1.24E-01,1.33E-01,
281,1.24E-01,1.35E-01,
282,1.23E-01,1.31E-01,
283,1.17E-01,1.27E-01,
284,1.23E-01,1.34E-01,
285,1.19E-01,1.29E-01,
286,1.17E-01,1.28E-01,
287,1.18E-01,1.28E-01,
288,1.17E-01,1.28E-01,
289,1.16E-01,1.27E-01,
290,1.19E-01,1.29E-01,
291,1.20E-01,1.33E-01,
292,1.16E-01,1.26E-01,
293,1.15E-01,1.29E-01,
294,1.16E-01,1.24E-01,
295,1.16E-01,1.27E-01,
296,1.11E-01,1.26E-01,
297,1.14E-01,1.27E-01,
298,1.12E-01,1.21E-01,
299,1.12E-01,1.21E-01,
300,1.11E-01,1.19E-01,
301,1.11E-01,1.21E-01,
302,1.09E-01,1.19E-01,
303,1.14E-01,1.23E-01,
304,1.06E-01,1.15E-01,
305,1.08E-01,1.16E-01,
306,1.03E-01,1.10E-01,
307,1.06E-01,1.12E-01,
308,1.05E-01,1.16E-01,
309,1.06E-01,1.15E-01,
310,1.03E-01,1.12E-01,
311,1.06E-01,1.10E-01,
312,1.04E-01,1.12E-01,
313,1.04E-01,1.10E-01,
314,1.05E-01,1.12E-01,
315,1.04E-01,1.08E-01,
316,1.03E-01,1.07E-01,
317,1.05E-01,1.11E-01,
318,9.75E-02,1.02E-01,
319,9.73E-02,1.03E-01,
320,9.80E-02,1.08E-01,
321,9.87E-02,1.08E-01,
322,1.01E-01,1.09E-01,
323,9.58E-02,1.03E-01,
324,9.48E-02,1.01E-01,
325,9.52E-02,1.04E-01,
326,9.37E-02,9.73E-02,
327,9.66E-02,1.03E-01,
328,9.46E-02,1.01E-01,
329,9.43E-02,9.94E-02,
330,9.13E-02,9.93E-02,
331,9.35E-02,1.02E-01,
332,9.14E-02,1.00E-01,
333,9.08E-02,9.92E-02,
334,8.70E-02,9.66E-02,
335,8.74E-02,9.46E-02,
336,8.83E-02,9.66E-02,
337,8.82E-02,9.51E-02,
338,8.39E-02,9.46E-02,
339,8.50E-02,9.41E-02,
340,7.89E-02,9.21E-02,
341,8.19E-02,9.05E-02,
342,7.92E-02,9.02E-02,
343,7.66E-02,8.85E-02,
344,7.89E-02,9.24E-02,
345,8.01E-02,8.89E-02,
346,7.85E-02,8.72E-02,
347,7.73E-02,9.22E-02,
348,7.24E-02,8.64E-02,
349,7.56E-02,9.11E-02,
350,7.13E-02,8.70E-02,
351,7.14E-02,8.43E-02,
352,7.10E-02,8.37E-02,
353,7.07E-02,8.91E-02,
354,6.74E-02,8.58E-02,
355,6.36E-02,8.17E-02,
356,6.71E-02,8.22E-02,
357,6.45E-02,8.24E-02,
358,6.01E-02,7.75E-02,
359,6.26E-02,7.61E-02,
360,6.08E-02,7.96E-02,
361,5.97E-02,7.79E-02,
362,5.74E-02,7.88E-02,
363,5.79E-02,7.88E-02,
364,6.04E-02,7.91E-02,
365,5.47E-02,7.84E-02,
366,5.32E-02,7.03E-02,
367,5.46E-02,7.04E-02,
368,5.32E-02,7.46E-02,
369,5.08E-02,7.00E-02,
370,4.99E-02,6.68E-02,
371,5.05E-02,6.53E-02,
372,5.08E-02,6.54E-02,
373,4.71E-02,6.18E-02,
374,5.03E-02,7.02E-02,
375,4.70E-02,6.07E-02,
376,4.67E-02,6.01E-02,
377,4.49E-02,5.49E-02,
378,4.14E-02,5.38E-02,
379,4.04E-02,5.14E-02,
380,4.09E-02,5.50E-02,
381,4.27E-02,5.57E-02,
382,4.04E-02,5.04E-02,
383,3.90E-02,5.35E-02,
384,3.71E-02,4.75E-02,
385,3.79E-02,4.81E-02,
386,3.96E-02,4.85E-02,
387,3.67E-02,4.69E-02,
388,3.60E-02,4.26E-02,
389,3.30E-02,4.04E-02,
390,3.39E-02,3.83E-02,
391,3.14E-02,3.94E-02,
392,3.26E-02,3.92E-02,
393,3.19E-02,3.68E-02,
394,3.10E-02,3.64E-02,
395,3.13E-02,3.79E-02,
396,2.95E-02,3.15E-02,
397,2.52E-02,2.68E-02,
398,2.89E-02,3.15E-02,
399,2.52E-02,2.67E-02,
400,2.60E-02,2.68E-02,
401,2.42E-02,2.35E-02,
402,2.67E-02,2.83E-02,
403,2.22E-02,1.92E-02,
404,2.27E-02,1.95E-02,
405,2.22E-02,1.91E-02,
406,2.24E-02,1.57E-02,
407,2.24E-02,1.89E-02,
408,1.99E-02,1.65E-02,
409,2.01E-02,1.54E-02,
410,2.02E-02,1.32E-02,
411,2.00E-02,1.75E-02,
412,2.02E-02,1.46E-02,
413,1.85E-02,1.34E-02,
414,1.85E-02,1.47E-02,
415,1.60E-02,8.32E-03,
416,1.64E-02,9.73E-03,
417,1.48E-02,9.57E-03,
418,1.53E-02,9.81E-03,
419,1.49E-02,7.21E-03,
420,1.63E-02,8.99E-03,
421,1.76E-02,1.15E-02,
422,1.69E-02,7.11E-03,
423,1.59E-02,7.30E-03,
424,1.64E-02,8.23E-03,
425,1.49E-02,6.73E-03,
426,1.85E-02,1.37E-02,
427,1.65E-02,1.11E-02,
428,1.58E-02,7.48E-03,
429,1.47E-02,6.30E-03,
430,1.47E-02,6.27E-03,
431,1.59E-02,9.66E-03,
432,1.48E-02,5.03E-03,
433,1.22E-02,6.45E-03,
434,1.41E-02,9.14E-03,
435,1.48E-02,5.96E-03,
436,1.35E-02,6.55E-03,
437,1.32E-02,5.22E-03,
438,1.35E-02,4.04E-03,
439,1.15E-02,4.06E-03,
440,1.28E-02,4.75E-03,
441,1.29E-02,4.54E-03,
442,1.38E-02,3.65E-03,
443,1.02E-02,4.51E-03,
444,1.22E-02,5.47E-03,
445,1.24E-02,3.41E-03,
446,1.09E-02,2.76E-03,
447,1.28E-02,4.05E-03,
448,1.12E-02,2.24E-03,
449,1.35E-02,4.69E-03,
450,1.13E-02,4.20E-03,
451,1.04E-02,3.73E-03,
452,1.20E-02,3.55E-03,
453,1.23E-02,5.08E-03,
454,1.14E-02,3.62E-03,
455,1.20E-02,4.32E-03,
456,1.25E-02,5.17E-03,
457,1.07E-02,2.98E-03,
458,1.27E-02,3.69E-03,
459,1.11E-02,4.01E-03,
460,9.23E-03,4.02E-03,
461,1.08E-02,1.41E-03,
462,1.25E-02,5.22E-03,
463,1.14E-02,3.07E-03,
464,1.17E-02,3.83E-03,
465,1.07E-02,4.01E-03,
466,8.98E-03,3.31E-03,
467,1.29E-02,3.79E-03,
468,9.62E-03,3.44E-03,
469,9.23E-03,3.86E-03,
470,1.08E-02,3.10E-03,
471,9.47E-03,2.17E-03,
472,8.74E-03,3.62E-03,
473,9.67E-03,2.50E-03,
474,1.16E-02,4.02E-03,
475,8.94E-03,3.03E-03,
476,8.84E-03,2.44E-03,
477,1.04E-02,4.52E-03,
478,8.30E-03,3.38E-03,
479,9.62E-03,3.62E-03,
480,8.74E-03,3.46E-03,
481,1.07E-02,1.84E-03,
482,9.72E-03,2.38E-03,
483,9.03E-03,3.48E-03,
484,8.20E-03,1.96E-03,
485,1.01E-02,3.49E-03,
486,9.52E-03,3.55E-03,
487,9.28E-03,2.86E-03,
488,9.38E-03,3.83E-03,
489,8.54E-03,2.36E-03,
490,8.30E-03,4.09E-03,
491,1.01E-02,2.05E-03,
492,8.74E-03,3.95E-03,
493,8.50E-03,3.21E-03,
494,9.42E-03,1.72E-03,
495,8.45E-03,3.88E-03,
496,8.79E-03,3.08E-03,
497,9.91E-03,3.25E-03,
498,9.72E-03,1.90E-03,
499,9.33E-03,2.24E-03,
500,8.79E-03,1.24E-03,
501,8.94E-03,3.91E-03,
502,8.15E-03,3.32E-03,
503,9.47E-03,3.43E-03,
504,1.20E-02,2.74E-03,
505,1.02E-02,4.08E-03,
506,9.52E-03,3.74E-03,
507,9.81E-03,4.11E-03,
508,9.91E-03,2.42E-03,
509,9.08E-03,4.18E-03,
510,8.64E-03,2.20E-03,
511,8.98E-03,3.47E-03,
512,8.35E-03,3.82E-03,
513,9.67E-03,2.56E-03,
514,9.47E-03,3.33E-03,
515,8.89E-03,3.08E-03,
516,9.62E-03,3.74E-03,
517,8.15E-03,2.45E-03,
518,9.13E-03,5.43E-03,
519,9.33E-03,3.30E-03,
520,9.33E-03,2.70E-03,
521,9.42E-03,2.27E-03,
522,9.62E-03,2.71E-03,
523,9.23E-03,2.46E-03,
524,1.08E-02,4.22E-03,
525,8.64E-03,2.36E-03,
526,7.18E-03,2.91E-03,
527,9.28E-03,3.06E-03,
528,9.08E-03,2.81E-03,
529,1.05E-02,2.76E-03,
530,1.10E-02,2.83E-03,
531,9.62E-03,2.50E-03,
532,1.01E-02,1.93E-03,
533,1.02E-02,3.14E-03,
534,9.81E-03,3.50E-03,
535,8.84E-03,3.61E-03,
536,9.03E-03,3.35E-03,
537,9.18E-03,2.32E-03,
538,9.08E-03,4.06E-03,
539,9.47E-03,2.94E-03,
540,1.23E-02,4.50E-03,
541,8.74E-03,2.40E-03,
542,8.54E-03,2.91E-03,
543,8.94E-03,1.35E-03,
544,9.52E-03,3.48E-03,
545,9.33E-03,3.39E-03,
546,6.88E-03,1.81E-03,
547,9.57E-03,2.76E-03,
548,8.89E-03,2.99E-03,
549,1.00E-02,3.07E-03,
550,8.40E-03,3.32E-03,
551,9.33E-03,3.43E-03,
552,1.02E-02,3.07E-03,
553,8.50E-03,1.72E-03,
554,9.33E-03,2.43E-03,
555,9.77E-03,3.51E-03,
556,9.28E-03,2.12E-03,
557,8.64E-03,2.67E-03,
558,8.25E-03,1.57E-03,
559,9.57E-03,1.98E-03,
560,9.33E-03,3.47E-03,
561,1.02E-02,2.96E-03,
562,9.08E-03,2.66E-03,
563,8.98E-03,2.85E-03,
564,9.91E-03,2.55E-03,
565,8.35E-03,2.21E-03,
566,1.00E-02,3.23E-03,
567,1.00E-02,3.25E-03,
568,8.79E-03,2.66E-03,
569,8.45E-03,2.29E-03,
570,8.89E-03,3.80E-03,
571,8.15E-03,2.38E-03,
572,1.01E-02,3.71E-03,
573,7.13E-03,3.11E-03,
574,8.54E-03,2.54E-03,
575,6.98E-03,3.49E-03,
576,9.72E-03,3.55E-03,
577,9.08E-03,3.11E-03,
578,7.57E-03,1.68E-03,
579,8.84E-03,2.46E-03,
580,9.08E-03,3.61E-03,
581,9.96E-03,2.75E-03,
582,6.01E-03,1.87E-03,
583,7.81E-03,3.57E-03,
584,1.00E-02,2.68E-03,
585,9.28E-03,3.15E-03,
586,8.01E-03,2.94E-03,
587,8.54E-03,2.00E-03,
588,8.15E-03,3.11E-03,
589,8.84E-03,2.88E-03,
590,9.13E-03,1.80E-03,
591,8.20E-03,2.40E-03,
592,7.62E-03,2.93E-03,
593,8.59E-03,3.04E-03,
594,8.25E-03,2.43E-03,
595,7.71E-03,3.04E-03,
596,8.64E-03,2.91E-03,
597,7.18E-03,2.36E-03,
598,8.01E-03,2.93E-03,
599,8.01E-03,2.55E-03,
600,7.37E-03,3.60E-03,
601,7.42E-03,2.58E-03,
602,7.32E-03,3.10E-03,
603,7.96E-03,2.63E-03,
604,6.10E-03,1.79E-03,
605,6.93E-03,3.18E-03,
606,7.96E-03,3.81E-03,
607,8.59E-03,2.24E-03,
608,7.47E-03,2.20E-03,
609,7.81E-03,2.69E-03,
610,7.23E-03,2.95E-03,
611,8.35E-03,1.73E-03,
612,7.47E-03,2.76E-03,
613,7.37E-03,2.27E-03,
614,6.49E-03,1.87E-03,
615,5.76E-03,2.65E-03,
616,7.47E-03,2.72E-03,
617,8.11E-03,2.10E-03,
618,7.52E-03,1.74E-03,
619,7.67E-03,2.64E-03,
620,8.98E-03,1.61E-03,
621,8.06E-03,2.10E-03,
622,8.59E-03,2.72E-03,
623,9.38E-03,2.59E-03,
624,8.20E-03,3.39E-03,
625,6.74E-03,3.25E-03,
626,6.69E-03,3.16E-03,
627,7.52E-03,3.00E-03,
628,8.74E-03,3.12E-03,
629,8.11E-03,3.55E-03,
630,7.37E-03,2.74E-03,
631,6.98E-03,2.30E-03,
632,7.23E-03,2.98E-03,
633,6.79E-03,2.05E-03,
634,7.03E-03,2.61E-03,
635,6.84E-03,2.58E-03,
636,7.67E-03,2.40E-03,
637,6.54E-03,2.59E-03,
638,7.32E-03,2.11E-03,
639,8.15E-03,3.48E-03,
640,8.15E-03,2.67E-03,
641,7.42E-03,2.91E-03,
642,6.93E-03,2.57E-03,
643,6.98E-03,1.42E-03,
644,7.23E-03,1.70E-03,
645,5.71E-03,2.47E-03,
646,6.15E-03,2.16E-03,
647,7.57E-03,2.59E-03,
648,6.40E-03,1.63E-03,
649,7.13E-03,2.77E-03,
650,7.62E-03,2.40E-03,
651,6.84E-03,1.73E-03,
652,7.18E-03,1.92E-03,
653,6.79E-03,2.27E-03,
654,6.88E-03,1.93E-03,
655,6.30E-03,1.90E-03,
656,7.62E-03,3.56E-03,
657,6.84E-03,2.27E-03,
658,6.45E-03,1.82E-03,
659,6.54E-03,1.91E-03,
660,7.81E-03,2.01E-03,
661,7.13E-03,1.94E-03,
662,7.52E-03,1.58E-03,
663,7.08E-03,2.58E-03,
664,7.67E-03,2.11E-03,
665,6.69E-03,2.34E-03,
666,8.98E-03,3.64E-03,
667,8.35E-03,2.47E-03,
668,8.11E-03,3.17E-03,
669,7.96E-03,3.08E-03,
670,7.23E-03,2.47E-03,
671,7.71E-03,2.36E-03,
672,7.71E-03,2.70E-03,
673,5.22E-03,1.16E-03,
674,8.06E-03,2.12E-03,
675,6.45E-03,2.80E-03,
676,6.98E-03,2.81E-03,
677,5.86E-03,1.92E-03,
678,7.13E-03,2.73E-03,
679,7.62E-03,2.96E-03,
680,7.23E-03,1.82E-03,
681,7.03E-03,2.62E-03,
682,6.84E-03,3.44E-03,
683,6.15E-03,2.53E-03,
684,7.86E-03,1.85E-03,
685,5.71E-03,1.71E-03,
686,6.40E-03,2.53E-03,
687,6.49E-03,1.35E-03,
688,7.08E-03,2.60E-03,
689,6.25E-03,1.93E-03,
690,7.08E-03,2.49E-03,
691,6.49E-03,1.89E-03,
692,7.18E-03,2.60E-03,
693,7.76E-03,2.97E-03,
694,5.32E-03,1.52E-03,
695,8.50E-03,2.79E-03,
696,7.47E-03,3.02E-03,
697,7.52E-03,1.59E-03,
698,7.76E-03,1.98E-03,
699,7.52E-03,2.46E-03,
700,6.54E-03,1.69E-03,
701,7.23E-03,2.59E-03,
702,9.08E-03,3.47E-03,
703,5.91E-03,2.10E-03,
704,6.84E-03,3.00E-03,
705,7.62E-03,2.72E-03,
706,5.18E-03,1.12E-03,
707,8.06E-03,2.20E-03,
708,8.74E-03,3.09E-03,
709,6.98E-03,2.05E-03,
710,6.93E-03,2.52E-03,
711,6.98E-03,2.38E-03,
712,7.42E-03,2.59E-03,
713,7.37E-03,2.03E-03,
714,7.76E-03,2.25E-03,
715,8.06E-03,3.17E-03,
716,7.42E-03,3.70E-03,
717,7.76E-03,2.59E-03,
718,6.79E-03,3.26E-03,
719,6.30E-03,2.99E-03,
720,8.30E-03,2.31E-03,
721,6.84E-03,3.84E-03,
722,7.86E-03,2.11E-03,
723,6.88E-03,2.18E-03,
724,7.76E-03,1.93E-03,
725,7.57E-03,2.07E-03,
726,6.54E-03,2.81E-03,
727,6.64E-03,2.22E-03,
728,7.52E-03,2.26E-03,
729,5.62E-03,2.38E-03,
730,6.25E-03,2.24E-03,
731,5.86E-03,1.92E-03,
732,8.01E-03,2.53E-03,
733,7.81E-03,2.00E-03,
734,6.45E-03,2.18E-03,
735,6.10E-03,1.67E-03,
736,6.88E-03,1.97E-03,
737,6.59E-03,3.97E-03,
738,6.79E-03,3.15E-03,
739,7.57E-03,1.68E-03,
740,6.45E-03,2.09E-03,
741,6.01E-03,1.99E-03,
742,6.40E-03,2.08E-03,
743,6.15E-03,1.33E-03,
744,6.40E-03,1.77E-03,
745,5.81E-03,1.78E-03,
746,5.52E-03,1.99E-03,
747,6.25E-03,3.16E-03,
748,5.71E-03,2.35E-03,
749,5.96E-03,2.14E-03,
750,5.66E-03,1.86E-03,
751,6.30E-03,2.87E-03,
752,6.59E-03,2.93E-03,
753,6.20E-03,1.80E-03,
754,5.66E-03,1.56E-03,
755,5.27E-03,1.88E-03,
756,5.57E-03,1.74E-03,
757,4.59E-03,1.65E-03,
758,5.52E-03,1.73E-03,
759,6.88E-03,2.09E-03,
760,6.64E-03,2.37E-03,
761,5.81E-03,1.73E-03,
762,5.71E-03,1.63E-03,
763,5.57E-03,1.79E-03,
764,6.45E-03,2.82E-03,
765,7.47E-03,2.32E-03,
766,6.10E-03,2.05E-03,
767,4.98E-03,1.60E-03,
768,5.22E-03,3.04E-03,
769,6.93E-03,2.79E-03,
770,5.86E-03,1.45E-03,
771,5.27E-03,1.90E-03,
772,5.37E-03,1.87E-03,
773,6.01E-03,2.21E-03,
774,5.37E-03,1.27E-03,
775,5.62E-03,1.67E-03,
776,4.69E-03,1.93E-03,
777,5.03E-03,1.93E-03,
778,6.69E-03,3.50E-03,
779,5.42E-03,1.49E-03,
780,4.98E-03,1.54E-03,
781,4.49E-03,1.76E-03,
782,5.62E-03,1.86E-03,
783,4.74E-03,2.26E-03,
784,5.62E-03,2.18E-03,
785,4.79E-03,1.76E-03,
786,5.57E-03,2.33E-03,
787,4.59E-03,1.59E-03,
788,5.76E-03,2.10E-03,
789,5.22E-03,1.03E-03,
790,6.45E-03,2.47E-03,
791,6.35E-03,2.33E-03,
792,5.22E-03,3.65E-03,
793,4.69E-03,2.24E-03,
794,7.62E-03,2.64E-03,
795,5.81E-03,1.88E-03,
796,4.30E-03,1.82E-03,
797,5.71E-03,1.56E-03,
798,6.20E-03,2.21E-03,
799,5.52E-03,1.73E-03,
800,6.54E-03,2.21E-03,
801,5.62E-03,1.76E-03,
802,6.05E-03,2.36E-03,
803,5.18E-03,2.75E-03,
804,4.30E-03,1.72E-03,
805,4.49E-03,1.74E-03,
806,5.96E-03,1.88E-03,
807,5.13E-03,1.86E-03,
808,6.05E-03,2.04E-03,
809,5.86E-03,2.54E-03,
810,4.39E-03,1.05E-03,
811,4.20E-03,1.88E-03,
812,4.20E-03,1.52E-03,
813,5.47E-03,2.40E-03,
814,4.74E-03,2.62E-03,
815,5.47E-03,2.06E-03,
816,3.96E-03,1.87E-03,
817,4.05E-03,1.84E-03,
818,5.27E-03,1.63E-03,
819,5.66E-03,2.05E-03,
820,5.76E-03,1.85E-03,
821,6.01E-03,1.83E-03,
822,5.76E-03,2.10E-03,
823,5.76E-03,2.25E-03,
824,6.15E-03,1.94E-03,
825,6.01E-03,3.53E-03,
826,4.39E-03,2.17E-03,
827,5.52E-03,2.34E-03,
828,5.62E-03,2.58E-03,
829,6.10E-03,1.78E-03,
830,5.66E-03,3.02E-03,
831,5.37E-03,1.83E-03,
832,7.23E-03,2.31E-03,
833,7.08E-03,1.92E-03,
834,4.49E-03,1.88E-03,
835,6.10E-03,3.06E-03,
836,5.47E-03,2.78E-03,
837,6.15E-03,2.86E-03,
838,6.79E-03,1.49E-03,
839,5.03E-03,1.66E-03,
840,4.25E-03,1.33E-03,
841,5.86E-03,2.03E-03,
842,5.42E-03,1.67E-03,
843,7.03E-03,2.54E-03,
844,4.39E-03,1.53E-03,
845,5.57E-03,2.05E-03,
846,4.10E-03,1.24E-03,
847,5.47E-03,2.06E-03,
848,6.25E-03,1.76E-03,
849,5.42E-03,1.91E-03,
850,5.08E-03,2.02E-03,
851,5.81E-03,2.21E-03,
852,5.22E-03,2.54E-03,
853,5.37E-03,1.89E-03,
854,4.39E-03,2.42E-03,
855,4.69E-03,2.37E-03,
856,5.71E-03,3.03E-03,
857,6.20E-03,2.98E-03,
858,4.93E-03,1.44E-03,
859,5.42E-03,2.68E-03,
860,4.98E-03,2.22E-03,
861,4.83E-03,1.41E-03,
862,4.44E-03,2.65E-03,
863,4.93E-03,1.47E-03,
864,4.54E-03,2.10E-03,
865,4.39E-03,1.99E-03,
866,4.15E-03,1.55E-03,
867,5.47E-03,1.59E-03,
868,6.25E-03,1.91E-03,
869,4.59E-03,2.21E-03,
870,4.30E-03,1.74E-03,
871,4.69E-03,1.20E-03,
872,6.54E-03,3.64E-03,
873,5.18E-03,3.08E-03,
874,5.37E-03,2.58E-03,
875,5.03E-03,2.79E-03,
876,5.08E-03,1.72E-03,
877,4.25E-03,1.87E-03,
878,3.91E-03,2.82E-03,
879,4.05E-03,1.89E-03,
880,5.22E-03,1.59E-03,
881,5.18E-03,2.06E-03,
882,4.54E-03,2.27E-03,
883,5.42E-03,1.20E-03,
884,5.08E-03,2.06E-03,
885,5.03E-03,1.93E-03,
886,4.54E-03,2.40E-03,
887,4.54E-03,1.47E-03,
888,4.39E-03,2.55E-03,
889,3.71E-03,1.86E-03,
890,5.57E-03,1.58E-03,
891,5.18E-03,1.82E-03,
892,3.47E-03,1.39E-03,
893,4.74E-03,1.77E-03,
894,4.79E-03,1.85E-03,
895,4.69E-03,2.83E-03,
896,6.15E-03,2.77E-03,
897,5.03E-03,1.83E-03,
898,4.49E-03,1.77E-03,
899,5.66E-03,2.32E-03,
900,4.93E-03,2.13E-03,
901,4.49E-03,1.36E-03,
902,3.61E-03,2.24E-03,
903,5.86E-03,1.40E-03,
904,4.25E-03,2.42E-03,
905,5.08E-03,2.59E-03,
906,5.37E-03,2.78E-03,
907,5.03E-03,1.24E-03,
908,4.74E-03,1.47E-03,
909,5.52E-03,2.54E-03,
910,4.39E-03,2.12E-03,
911,5.13E-03,2.19E-03,
912,3.66E-03,1.58E-03,
913,5.42E-03,1.86E-03,
914,4.88E-03,1.02E-03,
915,4.79E-03,2.35E-03,
916,4.98E-03,1.46E-03,
917,4.64E-03,1.92E-03,
918,5.03E-03,2.67E-03,
919,4.49E-03,1.81E-03,
920,5.03E-03,2.21E-03,
921,3.37E-03,1.83E-03,
922,5.03E-03,1.95E-03,
923,5.62E-03,1.92E-03,
924,4.10E-03,1.96E-03,
925,5.27E-03,2.35E-03,
926,4.74E-03,2.08E-03,
927,5.91E-03,2.88E-03,
928,5.37E-03,2.32E-03,
929,4.54E-03,1.05E-03,
930,5.37E-03,2.77E-03,
931,4.00E-03,1.69E-03,
932,4.59E-03,1.87E-03,
933,5.22E-03,2.20E-03,
934,4.83E-03,1.74E-03,
935,5.03E-03,1.38E-03,
936,4.79E-03,1.09E-03,
937,4.93E-03,1.34E-03,
938,4.30E-03,1.93E-03,
939,6.54E-03,2.94E-03,
940,4.59E-03,1.16E-03,
941,5.66E-03,1.69E-03,
942,4.88E-03,2.23E-03,
943,6.30E-03,1.66E-03,
944,4.15E-03,1.67E-03,
945,5.52E-03,2.90E-03,
946,5.76E-03,1.54E-03,
947,4.93E-03,1.86E-03,
948,5.66E-03,2.23E-03,
949,4.83E-03,2.47E-03,
950,5.03E-03,2.50E-03,
951,4.49E-03,1.90E-03,
952,4.69E-03,1.72E-03,
953,5.03E-03,2.20E-03,
954,5.13E-03,3.04E-03,
955,5.76E-03,2.20E-03,
956,5.22E-03,1.88E-03,
957,4.30E-03,1.65E-03,
958,5.96E-03,2.74E-03,
959,4.83E-03,3.04E-03,
960,6.25E-03,2.73E-03,
961,4.93E-03,2.49E-03,
962,6.40E-03,2.77E-03,
963,4.64E-03,2.07E-03,
964,4.83E-03,1.61E-03,
965,5.52E-03,2.16E-03,
966,4.69E-03,1.89E-03,
967,3.56E-03,1.54E-03,
968,4.79E-03,2.43E-03,
969,5.37E-03,2.62E-03,
970,5.22E-03,1.76E-03,
971,3.96E-03,1.06E-03,
972,5.42E-03,2.65E-03,
973,5.22E-03,2.40E-03,
974,6.10E-03,3.78E-03,
975,4.64E-03,2.25E-03,
976,5.71E-03,2.16E-03,
977,5.42E-03,2.78E-03,
978,3.86E-03,2.37E-03,
979,5.52E-03,3.36E-03,
980,5.03E-03,1.95E-03,
981,5.03E-03,2.57E-03,
982,4.83E-03,1.46E-03,
983,3.81E-03,1.54E-03,
984,5.47E-03,2.71E-03,
985,5.03E-03,2.50E-03,
986,4.35E-03,2.04E-03,
987,5.13E-03,3.56E-03,
988,4.44E-03,1.92E-03,
989,5.37E-03,2.04E-03,
990,4.88E-03,2.09E-03,
991,4.49E-03,2.16E-03,
992,4.64E-03,2.92E-03,
993,4.15E-03,1.87E-03,
994,5.71E-03,3.13E-03,
995,5.47E-03,2.70E-03,
996,4.25E-03,1.73E-03,
997,4.35E-03,2.50E-03,
998,4.49E-03,2.40E-03,
999,3.96E-03,1.98E-03,
1000,4.39E-03,2.35E-03,
1001,4.10E-03,1.55E-03,
1002,4.83E-03,2.22E-03,
1003,4.54E-03,1.51E-03,
1004,4.88E-03,1.09E-03,
1005,4.00E-03,2.18E-03,
1006,4.15E-03,3.56E-03,
1007,4.25E-03,1.75E-03,
1008,2.98E-03,1.47E-03,
1009,5.03E-03,2.13E-03,
1010,4.15E-03,1.89E-03,
1011,3.47E-03,1.58E-03,
1012,4.98E-03,1.90E-03,
1013,6.15E-03,3.37E-03,
1014,4.88E-03,1.71E-03,
1015,5.22E-03,2.86E-03,
1016,5.91E-03,2.81E-03,
1017,4.35E-03,2.41E-03,
1018,3.71E-03,1.65E-03,
1019,4.83E-03,1.96E-03,
1020,4.64E-03,1.03E-03,
1021,4.59E-03,1.83E-03,
1022,3.61E-03,1.55E-03,
1023,3.37E-03,1.35E-03,
1024,4.44E-03,1.60E-03,
1025,3.32E-03,1.77E-03,
1026,5.08E-03,1.89E-03,
1027,4.59E-03,1.71E-03,
1028,4.69E-03,1.92E-03,
1029,3.81E-03,2.69E-03,
1030,5.37E-03,1.80E-03,
1031,4.54E-03,1.51E-03,
1032,4.30E-03,1.66E-03,
1033,3.13E-03,1.45E-03,
1034,4.00E-03,1.48E-03,
1035,5.18E-03,8.23E-04,
1036,4.49E-03,1.66E-03,
1037,4.54E-03,2.22E-03,
1038,4.74E-03,1.48E-03,
1039,6.05E-03,2.31E-03,
1040,4.59E-03,1.31E-03,
1041,4.15E-03,1.24E-03,
1042,5.27E-03,2.78E-03,
1043,4.54E-03,2.41E-03,
1044,4.98E-03,1.84E-03,
1045,5.03E-03,2.37E-03,
1046,6.10E-03,3.17E-03,
1047,4.54E-03,2.27E-03,
1048,5.27E-03,1.63E-03,
1049,4.10E-03,1.45E-03,
1050,5.13E-03,2.03E-03,
1051,4.54E-03,1.43E-03,
1052,4.30E-03,1.94E-03,
1053,4.83E-03,2.54E-03,
1054,5.03E-03,1.58E-03,
1055,5.18E-03,1.40E-03,
1056,3.81E-03,1.34E-03,
1057,3.71E-03,2.59E-03,
1058,4.49E-03,2.41E-03,
1059,4.49E-03,1.72E-03,
1060,4.10E-03,2.35E-03,
1061,4.30E-03,1.19E-03,
1062,5.86E-03,3.22E-03,
1063,4.15E-03,2.61E-03,
1064,3.47E-03,2.52E-03,
1065,4.10E-03,2.15E-03,
1066,3.66E-03,1.40E-03,
1067,4.10E-03,1.18E-03,
1068,5.27E-03,2.56E-03,
1069,4.30E-03,2.49E-03,
1070,4.15E-03,1.10E-03,
1071,4.10E-03,1.80E-03,
1072,3.61E-03,1.83E-03,
1073,4.05E-03,1.66E-03,
1074,4.74E-03,3.00E-03,
1075,4.05E-03,2.13E-03,
1076,4.30E-03,1.54E-03,
1077,4.64E-03,2.46E-03,
1078,4.59E-03,1.55E-03,
1079,4.15E-03,1.31E-03,
1080,3.61E-03,2.36E-03,
1081,5.76E-03,2.49E-03,
1082,4.49E-03,1.23E-03,
1083,4.25E-03,1.87E-03,
1084,4.30E-03,2.24E-03,
1085,4.10E-03,1.24E-03,
1086,4.39E-03,2.23E-03,
1087,5.96E-03,3.28E-03,
1088,4.88E-03,2.83E-03,
1089,4.64E-03,1.87E-03,
1090,4.54E-03,2.26E-03,
1091,4.83E-03,1.49E-03,
1092,4.59E-03,1.83E-03,
1093,5.18E-03,3.05E-03,
1094,3.81E-03,2.06E-03,
1095,3.86E-03,1.70E-03,
1096,3.76E-03,2.03E-03,
1097,4.69E-03,2.14E-03,
1098,4.44E-03,2.60E-03,
1099,3.71E-03,1.40E-03,
1100,4.25E-03,1.40E-03,
1101,3.42E-03,1.66E-03,
1102,3.76E-03,2.48E-03,
1103,4.49E-03,2.80E-03,
1104,2.83E-03,1.53E-03,
1105,3.32E-03,1.66E-03,
1106,3.66E-03,1.84E-03,
1107,2.83E-03,1.46E-03,
1108,4.10E-03,1.75E-03,
1109,3.32E-03,1.38E-03,
1110,3.42E-03,1.20E-03,
1111,3.17E-03,7.95E-04,
1112,4.64E-03,1.99E-03,
1113,4.25E-03,2.76E-03,
1114,4.54E-03,2.15E-03,
1115,4.30E-03,1.43E-03,
1116,3.96E-03,1.28E-03,
1117,3.66E-03,2.12E-03,
1118,4.10E-03,1.61E-03,
1119,4.15E-03,1.97E-03,
1120,4.20E-03,2.43E-03,
1121,4.83E-03,1.81E-03,
1122,4.35E-03,2.04E-03,
1123,5.32E-03,2.47E-03,
1124,5.08E-03,2.45E-03,
1125,3.81E-03,1.81E-03,
1126,4.54E-03,1.36E-03,
1127,4.00E-03,1.91E-03,
1128,5.37E-03,1.98E-03,
1129,3.52E-03,1.73E-03,
1130,5.22E-03,2.46E-03,
1131,3.71E-03,1.22E-03,
1132,3.61E-03,1.03E-03,
1133,4.35E-03,2.50E-03,
1134,3.42E-03,1.56E-03,
1135,4.93E-03,1.96E-03,
1136,3.91E-03,1.97E-03,
1137,3.47E-03,1.99E-03,
1138,4.44E-03,2.03E-03,
1139,2.98E-03,1.35E-03,
1140,3.76E-03,2.36E-03,
1141,3.37E-03,1.12E-03,
1142,3.47E-03,1.03E-03,
1143,4.98E-03,2.54E-03,
1144,3.71E-03,1.58E-03,
1145,4.30E-03,1.62E-03,
1146,3.61E-03,1.87E-03,
1147,2.73E-03,1.64E-03,
1148,3.66E-03,1.12E-03,
1149,3.81E-03,2.21E-03,
1150,4.15E-03,1.82E-03,
1151,3.56E-03,1.68E-03,
1152,3.03E-03,1.49E-03,
1153,3.42E-03,1.48E-03,
1154,3.52E-03,1.72E-03,
1155,4.00E-03,1.02E-03,
1156,3.76E-03,2.08E-03,
1157,4.88E-03,1.36E-03,
1158,4.30E-03,1.63E-03,
1159,4.00E-03,1.46E-03,
1160,3.56E-03,1.95E-03,
1161,3.71E-03,1.05E-03,
1162,4.59E-03,2.71E-03,
1163,4.59E-03,1.42E-03,
1164,4.64E-03,1.92E-03,
1165,3.91E-03,1.43E-03,
1166,3.52E-03,1.51E-03,
1167,4.49E-03,2.34E-03,
1168,4.64E-03,2.60E-03,
1169,3.61E-03,1.82E-03,
1170,4.93E-03,2.40E-03,
1171,4.15E-03,2.44E-03,
1172,5.27E-03,2.98E-03,
1173,3.56E-03,1.81E-03,
1174,3.91E-03,1.75E-03,
1175,4.64E-03,2.25E-03,
1176,3.66E-03,2.27E-03,
1177,3.37E-03,1.75E-03,
1178,4.93E-03,2.67E-03,
1179,4.10E-03,1.69E-03,
1180,4.64E-03,2.40E-03,
1181,6.40E-03,5.19E-03,
1182,3.52E-03,1.88E-03,
1183,4.25E-03,1.11E-03,
1184,3.61E-03,1.61E-03,
1185,4.59E-03,1.30E-03,
1186,3.81E-03,1.39E-03,
1187,2.98E-03,1.26E-03,
1188,3.76E-03,1.66E-03,
1189,2.93E-03,1.29E-03,
1190,3.76E-03,1.07E-03,
1191,4.88E-03,2.13E-03,
1192,4.05E-03,2.58E-03,
1193,3.42E-03,1.24E-03,
1194,3.96E-03,2.34E-03,
1195,4.49E-03,1.80E-03,
1196,4.20E-03,1.53E-03,
1197,3.32E-03,2.18E-03,
1198,4.64E-03,2.32E-03,
1199,3.76E-03,1.77E-03,
1200,3.61E-03,1.89E-03,
1201,3.76E-03,1.40E-03,
1202,2.59E-03,1.07E-03,
1203,4.44E-03,2.01E-03,
1204,3.81E-03,1.95E-03,
1205,3.52E-03,1.72E-03,
1206,3.52E-03,2.50E-03,
1207,2.98E-03,1.19E-03,
1208,4.05E-03,2.18E-03,
1209,3.47E-03,1.81E-03,
1210,3.37E-03,1.64E-03,
1211,3.42E-03,1.24E-03,
1212,2.83E-03,1.39E-03,
1213,2.98E-03,2.02E-03,
1214,3.56E-03,1.05E-03,
1215,3.71E-03,1.99E-03,
1216,3.81E-03,1.25E-03,
1217,4.10E-03,1.75E-03,
1218,3.32E-03,1.46E-03,
1219,2.78E-03,1.43E-03,
1220,2.73E-03,1.50E-03,
1221,4.64E-03,1.78E-03,
1222,3.08E-03,9.02E-04,
1223,3.56E-03,1.71E-03,
1224,4.49E-03,2.24E-03,
1225,4.98E-03,1.41E-03,
1226,4.44E-03,3.92E-03,
1227,3.42E-03,1.73E-03,
1228,3.42E-03,2.56E-03,
1229,3.76E-03,1.77E-03,
1230,4.15E-03,2.13E-03,
1231,4.20E-03,2.10E-03,
1232,3.61E-03,1.61E-03,
1233,4.10E-03,1.58E-03,
1234,3.32E-03,1.53E-03,
1235,4.15E-03,9.58E-04,
1236,4.54E-03,8.75E-04,
1237,3.47E-03,1.92E-03,
1238,3.22E-03,1.22E-03,
1239,4.05E-03,1.16E-03,
1240,2.69E-03,1.79E-03,
1241,3.42E-03,1.60E-03,
1242,2.98E-03,1.22E-03,
1243,3.56E-03,1.68E-03,
1244,4.10E-03,1.20E-03,
1245,4.05E-03,1.53E-03,
1246,3.08E-03,1.93E-03,
1247,2.93E-03,1.42E-03,
1248,3.86E-03,2.42E-03,
1249,2.59E-03,1.00E-03,
1250,3.56E-03,1.95E-03,
1251,3.27E-03,1.95E-03,
1252,3.08E-03,1.33E-03,
1253,2.64E-03,1.14E-03,
1254,2.69E-03,8.53E-04,
1255,3.13E-03,1.48E-03,
1256,4.05E-03,1.24E-03,
1257,3.32E-03,1.60E-03,
1258,2.73E-03,1.50E-03,
1259,2.44E-03,1.33E-03,
1260,3.47E-03,2.33E-03,
1261,3.27E-03,1.63E-03,
1262,3.42E-03,1.57E-03,
1263,3.32E-03,1.31E-03,
1264,3.27E-03,1.56E-03,
1265,3.03E-03,2.18E-03,
1266,3.61E-03,2.66E-03,
1267,2.54E-03,1.36E-03,
1268,2.88E-03,1.46E-03,
1269,4.05E-03,1.95E-03,
1270,2.88E-03,1.87E-03,
1271,3.52E-03,1.57E-03,
1272,3.32E-03,1.77E-03,
1273,3.27E-03,1.11E-03,
1274,2.93E-03,1.43E-03,
1275,2.49E-03,8.58E-04,
1276,4.30E-03,1.72E-03,
1277,3.42E-03,1.40E-03,
1278,3.81E-03,1.36E-03,
1279,3.42E-03,1.72E-03,
1280,3.08E-03,1.50E-03,
1281,2.78E-03,1.68E-03,
1282,3.42E-03,1.99E-03,
1283,3.56E-03,8.47E-04,
1284,4.15E-03,2.05E-03,
1285,2.88E-03,1.39E-03,
1286,3.27E-03,2.38E-03,
1287,4.79E-03,2.36E-03,
1288,3.61E-03,1.64E-03,
1289,2.88E-03,1.68E-03,
1290,3.42E-03,2.57E-03,
1291,2.64E-03,8.51E-04,
1292,2.69E-03,1.53E-03,
1293,4.25E-03,2.05E-03,
1294,3.22E-03,1.62E-03,
1295,3.81E-03,1.34E-03,
1296,4.49E-03,2.41E-03,
1297,4.20E-03,1.61E-03,
1298,3.37E-03,1.34E-03,
1299,4.30E-03,1.43E-03,
1300,3.61E-03,1.68E-03,
1301,4.10E-03,1.68E-03,
1302,4.98E-03,1.77E-03,
1303,3.08E-03,1.72E-03,
1304,4.05E-03,2.01E-03,
1305,3.86E-03,1.46E-03,
1306,4.15E-03,2.43E-03,
1307,4.88E-03,2.49E-03,
1308,3.81E-03,2.17E-03,
1309,4.30E-03,2.17E-03,
1310,3.47E-03,1.67E-03,
1311,4.59E-03,1.80E-03,
1312,4.44E-03,1.24E-03,
1313,3.56E-03,1.47E-03,
1314,3.66E-03,2.23E-03,
1315,4.64E-03,2.38E-03,
1316,4.00E-03,2.24E-03,
1317,3.96E-03,1.14E-03,
1318,3.61E-03,1.97E-03,
1319,4.74E-03,1.81E-03,
1320,4.00E-03,1.67E-03,
1321,4.39E-03,2.28E-03,
1322,2.98E-03,1.20E-03,
1323,3.96E-03,1.46E-03,
1324,3.96E-03,1.74E-03,
1325,4.35E-03,1.49E-03,
1326,4.20E-03,1.37E-03,
1327,4.59E-03,1.79E-03,
1328,3.61E-03,2.07E-03,
1329,4.39E-03,2.09E-03,
1330,3.91E-03,2.28E-03,
1331,2.15E-03,1.33E-03,
1332,3.08E-03,2.03E-03,
1333,4.05E-03,1.93E-03,
1334,3.17E-03,2.12E-03,
1335,2.59E-03,8.75E-04,
1336,3.91E-03,1.38E-03,
1337,4.64E-03,2.51E-03,
1338,3.13E-03,1.93E-03,
1339,3.91E-03,2.55E-03,
1340,2.00E-03,9.12E-04,
1341,3.81E-03,2.77E-03,
1342,2.54E-03,1.63E-03,
1343,2.10E-03,1.09E-03,
1344,2.98E-03,1.39E-03,
1345,2.83E-03,9.72E-04,
1346,2.20E-03,1.31E-03,
1347,2.73E-03,1.53E-03,
1348,3.17E-03,2.02E-03,
1349,2.73E-03,1.42E-03,
1350,2.20E-03,1.28E-03,
1351,3.03E-03,2.08E-03,
1352,2.69E-03,1.49E-03,
1353,3.61E-03,1.71E-03,
1354,3.32E-03,1.39E-03,
1355,2.88E-03,1.24E-03,
1356,2.29E-03,1.31E-03,
1357,3.56E-03,2.81E-03,
1358,2.69E-03,1.82E-03,
1359,4.54E-03,1.83E-03,
1360,3.03E-03,2.42E-03,
1361,3.96E-03,1.63E-03,
1362,3.17E-03,2.12E-03,
1363,2.98E-03,2.27E-03,
1364,3.17E-03,2.02E-03,
1365,2.20E-03,1.05E-03,
1366,3.37E-03,1.54E-03,
1367,3.61E-03,2.00E-03,
1368,3.66E-03,1.56E-03,
1369,2.88E-03,1.24E-03,
1370,2.59E-03,1.29E-03,
1371,3.08E-03,1.87E-03,
1372,3.17E-03,1.10E-03,
1373,3.22E-03,1.12E-03,
1374,3.47E-03,2.36E-03,
1375,3.27E-03,1.16E-03,
1376,3.32E-03,1.65E-03,
1377,2.49E-03,1.22E-03,
1378,4.00E-03,2.15E-03,
1379,2.69E-03,1.68E-03,
1380,3.96E-03,1.97E-03,
1381,2.20E-03,1.20E-03,
1382,3.27E-03,1.73E-03,
1383,3.47E-03,1.93E-03,
1384,2.88E-03,1.24E-03,
1385,3.56E-03,1.53E-03,
1386,3.76E-03,1.48E-03,
1387,3.32E-03,1.70E-03,
1388,3.47E-03,3.25E-03,
1389,4.15E-03,2.09E-03,
1390,2.25E-03,1.75E-03,
1391,2.05E-03,1.23E-03,
1392,2.64E-03,1.14E-03,
1393,3.52E-03,2.15E-03,
1394,3.03E-03,9.96E-04,
1395,3.17E-03,2.22E-03,
1396,3.32E-03,1.67E-03,
1397,4.05E-03,1.47E-03,
1398,3.27E-03,1.88E-03,
1399,3.27E-03,1.40E-03,
1400,3.08E-03,1.31E-03,
1401,4.10E-03,2.13E-03,
1402,3.08E-03,1.05E-03,
1403,2.73E-03,1.44E-03,
1404,3.91E-03,1.89E-03,
1405,2.64E-03,1.67E-03,
1406,4.05E-03,1.58E-03,
1407,3.13E-03,1.80E-03,
1408,3.08E-03,1.26E-03,
1409,3.27E-03,1.61E-03,
1410,3.61E-03,1.62E-03,
1411,3.22E-03,1.62E-03,
1412,3.37E-03,1.77E-03,
1413,2.64E-03,1.61E-03,
1414,3.13E-03,1.44E-03,
1415,3.76E-03,1.63E-03,
1416,2.73E-03,1.52E-03,
1417,3.32E-03,1.63E-03,
1418,4.20E-03,1.76E-03,
1419,3.08E-03,1.65E-03,
1420,3.13E-03,1.31E-03,
1421,2.49E-03,1.35E-03,
1422,3.61E-03,1.82E-03,
1423,3.22E-03,1.98E-03,
1424,3.56E-03,3.12E-03,
1425,2.88E-03,1.87E-03,
1426,3.66E-03,9.33E-04,
1427,3.37E-03,1.34E-03,
1428,3.81E-03,1.32E-03,
1429,3.17E-03,1.68E-03,
1430,3.76E-03,1.48E-03,
1431,2.98E-03,1.58E-03,
1432,4.39E-03,1.38E-03,
1433,2.39E-03,1.73E-03,
1434,3.37E-03,2.40E-03,
1435,3.56E-03,1.66E-03,
1436,2.93E-03,1.62E-03,
1437,3.81E-03,1.63E-03,
1438,3.56E-03,1.75E-03,
1439,2.20E-03,1.08E-03,
1440,3.42E-03,1.40E-03,
1441,2.64E-03,1.52E-03,
1442,2.29E-03,1.72E-03,
1443,2.98E-03,1.28E-03,
1444,2.59E-03,1.90E-03,
1445,2.34E-03,1.41E-03,
1446,2.59E-03,1.38E-03,
1447,2.34E-03,1.09E-03,
1448,2.64E-03,1.55E-03,
1449,3.17E-03,1.59E-03,
1450,2.49E-03,1.12E-03,
1451,2.78E-03,8.19E-04,
1452,3.56E-03,1.33E-03,
1453,2.73E-03,1.12E-03,
1454,2.88E-03,1.57E-03,
1455,2.69E-03,1.72E-03,
1456,1.95E-03,1.07E-03,
1457,3.61E-03,1.72E-03,
1458,2.54E-03,1.49E-03,
1459,3.52E-03,1.31E-03,
1460,3.81E-03,2.31E-03,
1461,3.32E-03,1.53E-03,
1462,1.81E-03,1.22E-03,
1463,2.78E-03,1.31E-03,
1464,3.27E-03,1.54E-03,
1465,2.83E-03,2.09E-03,
1466,2.64E-03,1.12E-03,
1467,2.34E-03,8.11E-04,
1468,2.78E-03,1.48E-03,
1469,2.59E-03,1.40E-03,
1470,2.39E-03,1.16E-03,
1471,2.54E-03,1.66E-03,
1472,2.34E-03,1.54E-03,
1473,3.22E-03,1.71E-03,
1474,2.15E-03,1.35E-03,
1475,1.86E-03,1.17E-03,
1476,2.20E-03,1.18E-03,
1477,3.22E-03,1.97E-03,
1478,2.78E-03,1.93E-03,
1479,2.29E-03,1.48E-03,
1480,2.78E-03,1.53E-03,
1481,2.98E-03,1.55E-03,
1482,2.78E-03,1.61E-03,
1483,2.73E-03,1.14E-03,
1484,3.08E-03,1.69E-03,
1485,2.83E-03,2.35E-03,
1486,2.34E-03,1.59E-03,
1487,2.25E-03,1.68E-03,
1488,2.78E-03,1.58E-03,
1489,2.29E-03,1.14E-03,
1490,2.93E-03,1.98E-03,
1491,3.61E-03,1.76E-03,
1492,2.98E-03,2.10E-03,
1493,3.37E-03,1.98E-03,
1494,3.56E-03,1.58E-03,
1495,2.49E-03,1.52E-03,
1496,4.05E-03,1.53E-03,
1497,3.22E-03,1.47E-03,
1498,2.49E-03,1.03E-03,
1499,3.42E-03,1.76E-03,
1500,3.86E-03,2.12E-03,
1501,2.69E-03,1.14E-03,
1502,3.17E-03,2.04E-03,
1503,3.47E-03,1.06E-03,
1504,2.98E-03,9.87E-04,
1505,4.20E-03,2.53E-03,
1506,3.71E-03,1.65E-03,
1507,3.47E-03,1.47E-03,
1508,3.47E-03,1.67E-03,
1509,3.47E-03,1.58E-03,
1510,3.32E-03,1.34E-03,
1511,3.52E-03,1.29E-03,
1512,3.17E-03,1.30E-03,
1513,2.64E-03,1.50E-03,
1514,4.05E-03,1.85E-03,
1515,2.93E-03,1.45E-03,
1516,4.20E-03,1.40E-03,
1517,4.10E-03,2.29E-03,
1518,2.88E-03,1.39E-03,
1519,2.69E-03,1.61E-03,
1520,3.76E-03,1.43E-03,
1521,3.27E-03,1.51E-03,
1522,2.98E-03,1.30E-03,
1523,2.98E-03,1.30E-03,
1524,3.86E-03,2.56E-03,
1525,2.44E-03,1.83E-03,
1526,3.27E-03,1.66E-03,
1527,3.03E-03,1.70E-03,
1528,2.44E-03,1.11E-03,
1529,2.78E-03,1.54E-03,
1530,2.05E-03,1.25E-03,
1531,2.83E-03,2.19E-03,
1532,1.90E-03,1.06E-03,
1533,2.59E-03,1.07E-03,
1534,2.93E-03,1.48E-03,
1535,2.39E-03,1.47E-03,
1536,3.08E-03,1.66E-03,
1537,2.54E-03,1.31E-03,
1538,2.44E-03,1.20E-03,
1539,2.83E-03,1.29E-03,
1540,2.10E-03,9.02E-04,
1541,3.03E-03,1.36E-03,
1542,2.44E-03,1.66E-03,
1543,2.10E-03,7.26E-04,
1544,1.90E-03,9.87E-04,
1545,2.73E-03,1.03E-03,
1546,2.20E-03,1.78E-03,
1547,2.25E-03,1.71E-03,
1548,2.44E-03,1.13E-03,
1549,2.39E-03,1.19E-03,
1550,2.98E-03,1.12E-03,
1551,2.88E-03,1.46E-03,
1552,3.13E-03,1.92E-03,
1553,1.76E-03,1.31E-03,
1554,2.69E-03,1.75E-03,
1555,3.08E-03,1.54E-03,
1556,2.64E-03,1.05E-03,
1557,4.00E-03,3.02E-03,
1558,3.71E-03,2.19E-03,
1559,3.13E-03,1.50E-03,
1560,3.81E-03,2.56E-03,
1561,3.56E-03,2.11E-03,
1562,3.32E-03,2.54E-03,
1563,2.64E-03,2.48E-03,
1564,2.44E-03,8.73E-04,
1565,2.54E-03,1.99E-03,
1566,2.49E-03,1.03E-03,
1567,2.98E-03,1.47E-03,
1568,2.44E-03,1.33E-03,
1569,2.88E-03,1.16E-03,
1570,2.15E-03,1.20E-03,
1571,3.13E-03,1.53E-03,
1572,3.08E-03,1.24E-03,
1573,2.49E-03,1.39E-03,
1574,3.56E-03,1.40E-03,
1575,3.37E-03,1.14E-03,
1576,4.20E-03,1.26E-03,
1577,2.69E-03,1.69E-03,
1578,3.22E-03,1.87E-03,
1579,2.78E-03,1.45E-03,
1580,2.93E-03,2.51E-03,
1581,2.44E-03,1.42E-03,
1582,3.96E-03,2.87E-03,
1583,3.17E-03,1.47E-03,
1584,2.54E-03,9.72E-04,
1585,2.69E-03,1.31E-03,
1586,2.88E-03,1.19E-03,
1587,2.93E-03,1.40E-03,
1588,2.78E-03,1.05E-03,
1589,3.08E-03,1.43E-03,
1590,2.88E-03,1.63E-03,
1591,3.17E-03,1.65E-03,
1592,3.03E-03,1.31E-03,
1593,3.22E-03,1.31E-03,
1594,2.93E-03,1.51E-03,
1595,3.03E-03,1.29E-03,
1596,2.88E-03,1.37E-03,
1597,3.03E-03,1.39E-03,
1598,2.78E-03,1.42E-03,
1599,2.98E-03,1.26E-03,
1600,2.83E-03,1.89E-03,
1601,2.98E-03,1.86E-03,
1602,3.47E-03,1.64E-03,
1603,2.39E-03,1.64E-03,
1604,3.47E-03,2.18E-03,
1605,2.88E-03,1.91E-03,
1606,3.42E-03,1.20E-03,
1607,2.59E-03,1.43E-03,
1608,2.93E-03,1.25E-03,
1609,3.27E-03,1.56E-03,
1610,3.61E-03,1.68E-03,
1611,3.71E-03,2.90E-03,
1612,2.69E-03,1.98E-03,
1613,3.13E-03,1.80E-03,
1614,3.13E-03,2.60E-03,
1615,3.56E-03,3.14E-03,
1616,2.73E-03,2.41E-03,
1617,3.37E-03,2.32E-03,
1618,3.13E-03,1.88E-03,
1619,2.54E-03,1.66E-03,
1620,4.30E-03,1.67E-03,
1621,2.54E-03,1.95E-03,
1622,3.03E-03,1.31E-03,
1623,1.90E-03,1.01E-03,
1624,2.10E-03,1.59E-03,
1625,2.98E-03,1.77E-03,
1626,3.03E-03,1.13E-03,
1627,2.64E-03,1.35E-03,
1628,2.64E-03,1.38E-03,
1629,2.73E-03,1.53E-03,
1630,1.95E-03,1.27E-03,
1631,2.73E-03,2.07E-03,
1632,3.17E-03,1.30E-03,
1633,2.34E-03,1.51E-03,
1634,2.64E-03,1.92E-03,
1635,2.78E-03,1.47E-03,
1636,2.34E-03,2.06E-03,
1637,2.73E-03,1.50E-03,
1638,2.20E-03,1.20E-03,
1639,3.08E-03,1.36E-03,
1640,2.34E-03,1.19E-03,
1641,2.20E-03,1.03E-03,
1642,3.22E-03,1.83E-03,
1643,2.15E-03,9.57E-04,
1644,2.29E-03,1.00E-03,
1645,2.05E-03,1.21E-03,
1646,2.88E-03,1.22E-03,
1647,2.39E-03,1.06E-03,
1648,2.25E-03,1.37E-03,
1649,3.13E-03,1.59E-03,
1650,3.03E-03,1.19E-03,
1651,2.10E-03,1.31E-03,
1652,2.49E-03,1.52E-03,
1653,2.88E-03,1.20E-03,
1654,2.64E-03,1.10E-03,
1655,2.88E-03,2.64E-03,
1656,2.98E-03,2.12E-03,
1657,2.34E-03,1.34E-03,
1658,2.39E-03,9.63E-04,
1659,3.27E-03,1.26E-03,
1660,2.59E-03,1.29E-03,
1661,2.20E-03,1.08E-03,
1662,2.73E-03,1.44E-03,
1663,2.78E-03,1.14E-03,
1664,2.98E-03,1.71E-03,
1665,2.54E-03,1.04E-03,
1666,2.64E-03,9.32E-04,
1667,2.25E-03,1.18E-03,
1668,2.59E-03,1.38E-03,
1669,2.39E-03,1.26E-03,
1670,2.59E-03,1.31E-03,
1671,1.95E-03,9.26E-04,
1672,3.17E-03,1.24E-03,
1673,1.81E-03,1.77E-03,
1674,2.39E-03,1.24E-03,
1675,2.00E-03,1.96E-03,
1676,2.39E-03,9.63E-04,
1677,2.69E-03,1.26E-03,
1678,2.39E-03,9.12E-04,
1679,2.44E-03,1.77E-03,
1680,3.71E-03,3.03E-03,
1681,2.15E-03,1.69E-03,
1682,2.29E-03,8.47E-04,
1683,2.29E-03,1.71E-03,
1684,2.44E-03,1.16E-03,
1685,2.88E-03,1.20E-03,
1686,3.27E-03,1.81E-03,
1687,2.29E-03,1.16E-03,
1688,2.73E-03,1.69E-03,
1689,2.78E-03,1.83E-03,
1690,2.69E-03,1.35E-03,
1691,1.61E-03,1.09E-03,
1692,2.10E-03,1.40E-03,
1693,2.25E-03,6.62E-04,
1694,2.64E-03,1.24E-03,
1695,1.76E-03,1.64E-03,
1696,1.95E-03,1.36E-03,
1697,1.95E-03,1.00E-03,
1698,3.13E-03,2.23E-03,
1699,2.54E-03,1.25E-03,
1700,2.59E-03,1.58E-03,
1701,2.20E-03,1.42E-03,
1702,2.25E-03,1.71E-03,
1703,2.25E-03,2.00E-03,
1704,2.20E-03,1.78E-03,
1705,1.81E-03,1.47E-03,
1706,2.49E-03,1.63E-03,
1707,3.03E-03,1.65E-03,
1708,1.76E-03,1.26E-03,
1709,2.73E-03,1.14E-03,
1710,2.73E-03,1.92E-03,
1711,2.00E-03,1.24E-03,
1712,2.93E-03,1.95E-03,
1713,3.08E-03,1.66E-03,
1714,2.20E-03,1.44E-03,
1715,2.20E-03,1.44E-03,
1716,1.81E-03,1.35E-03,
1717,2.44E-03,1.66E-03,
1718,2.64E-03,1.20E-03,
1719,2.83E-03,1.25E-03,
1720,3.32E-03,1.80E-03,
1721,1.66E-03,9.57E-04,
1722,1.76E-03,1.33E-03,
1723,3.03E-03,2.44E-03,
1724,2.34E-03,1.67E-03,
1725,1.22E-03,9.33E-04,
1726,2.69E-03,1.30E-03,
1727,1.61E-03,1.26E-03,
1728,2.25E-03,1.44E-03,
1729,2.10E-03,9.28E-04,
1730,2.44E-03,1.68E-03,
1731,1.76E-03,1.67E-03,
1732,2.10E-03,5.80E-04,
1733,2.69E-03,1.24E-03,
1734,1.76E-03,1.28E-03,
1735,2.15E-03,1.42E-03,
1736,2.39E-03,1.88E-03,
1737,2.20E-03,1.10E-03,
1738,2.54E-03,1.72E-03,
1739,2.44E-03,1.38E-03,
1740,2.54E-03,2.15E-03,
1741,1.81E-03,1.14E-03,
1742,1.71E-03,8.53E-04,
1743,2.73E-03,1.10E-03,
1744,2.98E-03,1.41E-03,
1745,3.22E-03,1.28E-03,
1746,2.64E-03,1.03E-03,
1747,2.44E-03,6.18E-04,
1748,2.69E-03,1.50E-03,
1749,2.29E-03,1.59E-03,
1750,2.54E-03,1.94E-03,
1751,2.78E-03,1.18E-03,
1752,1.32E-03,7.89E-04,
1753,1.76E-03,9.06E-04,
1754,2.10E-03,7.26E-04,
1755,2.15E-03,1.18E-03,
1756,2.15E-03,9.06E-04,
1757,2.93E-03,2.39E-03,
1758,3.08E-03,1.50E-03,
1759,2.59E-03,1.90E-03,
1760,2.98E-03,1.61E-03,
1761,2.69E-03,1.78E-03,
1762,2.59E-03,1.93E-03,
1763,2.59E-03,1.85E-03,
1764,2.49E-03,1.63E-03,
1765,2.93E-03,1.09E-03,
1766,1.95E-03,1.85E-03,
1767,2.49E-03,1.75E-03,
1768,2.88E-03,1.52E-03,
1769,2.20E-03,9.58E-04,
1770,2.83E-03,1.67E-03,
1771,3.37E-03,1.34E-03,
1772,1.66E-03,1.26E-03,
1773,2.20E-03,1.45E-03,
1774,2.73E-03,2.42E-03,
1775,2.59E-03,1.88E-03,
1776,2.25E-03,1.33E-03,
1777,2.49E-03,1.26E-03,
1778,2.25E-03,1.75E-03,
1779,2.49E-03,2.05E-03,
1780,2.49E-03,1.52E-03,
1781,2.59E-03,1.58E-03,
1782,2.20E-03,1.24E-03,
1783,1.76E-03,7.93E-04,
1784,1.95E-03,1.16E-03,
1785,2.59E-03,1.03E-03,
1786,2.15E-03,1.28E-03,
1787,2.78E-03,9.28E-04,
1788,2.10E-03,1.83E-03,
1789,2.54E-03,1.48E-03,
1790,3.03E-03,1.74E-03,
1791,2.29E-03,1.09E-03,
1792,2.69E-03,1.55E-03,
1793,3.56E-03,1.50E-03,
1794,2.49E-03,1.37E-03,
1795,2.88E-03,1.73E-03,
1796,2.39E-03,8.01E-04,
1797,2.34E-03,9.72E-04,
1798,3.47E-03,2.21E-03,
1799,4.05E-03,2.20E-03,
1800,2.15E-03,9.57E-04,
1801,2.69E-03,1.40E-03,
1802,2.25E-03,1.22E-03,
1803,3.13E-03,1.50E-03,
1804,2.93E-03,1.95E-03,
1805,3.17E-03,1.50E-03,
1806,3.47E-03,1.86E-03,
1807,2.05E-03,1.84E-03,
1808,2.00E-03,1.54E-03,
1809,3.71E-03,2.21E-03,
1810,3.66E-03,1.74E-03,
1811,3.22E-03,1.78E-03,
1812,2.93E-03,1.43E-03,
1813,3.42E-03,1.53E-03,
1814,3.91E-03,1.36E-03,
1815,3.17E-03,2.48E-03,
1816,3.32E-03,1.72E-03,
1817,3.32E-03,1.51E-03,
1818,1.95E-03,1.60E-03,
1819,2.59E-03,1.03E-03,
1820,3.52E-03,7.18E-04,
1821,2.54E-03,6.10E-04,
1822,3.17E-03,1.22E-03,
1823,3.52E-03,1.23E-03,
1824,2.59E-03,1.18E-03,
1825,2.64E-03,1.76E-03,
1826,3.66E-03,1.96E-03,
1827,4.69E-03,1.55E-03,
1828,3.08E-03,1.54E-03,
1829,2.44E-03,1.09E-03,
1830,3.08E-03,2.36E-03,
1831,2.93E-03,1.72E-03,
1832,3.37E-03,1.86E-03,
1833,3.47E-03,1.50E-03,
1834,3.52E-03,1.77E-03,
1835,2.34E-03,8.11E-04,
1836,2.93E-03,1.56E-03,
1837,3.22E-03,1.88E-03,
1838,3.03E-03,1.23E-03,
1839,2.05E-03,7.81E-04,
1840,2.69E-03,2.00E-03,
1841,3.03E-03,1.46E-03,
1842,4.30E-03,1.48E-03,
1843,2.98E-03,1.54E-03,
1844,2.20E-03,1.30E-03,
1845,2.10E-03,7.58E-04,
1846,2.98E-03,1.82E-03,
1847,2.73E-03,1.62E-03,
1848,3.66E-03,1.80E-03,
1849,3.03E-03,1.81E-03,
1850,3.32E-03,1.86E-03,
1851,3.52E-03,2.56E-03,
1852,2.98E-03,1.64E-03,
1853,3.13E-03,1.44E-03,
1854,3.32E-03,1.57E-03,
1855,2.59E-03,1.61E-03,
1856,2.39E-03,1.08E-03,
1857,1.76E-03,1.38E-03,
1858,2.00E-03,1.54E-03,
1859,2.44E-03,1.62E-03,
1860,2.00E-03,1.19E-03,
1861,2.73E-03,2.00E-03,
1862,2.15E-03,1.16E-03,
1863,2.64E-03,1.42E-03,
1864,1.86E-03,1.56E-03,
1865,2.34E-03,1.99E-03,
1866,2.78E-03,1.58E-03,
1867,2.39E-03,1.71E-03,
1868,3.22E-03,2.07E-03,
1869,2.49E-03,2.23E-03,
1870,2.59E-03,1.58E-03,
1871,2.34E-03,1.36E-03,
1872,2.49E-03,2.35E-03,
1873,2.25E-03,1.88E-03,
1874,1.86E-03,1.70E-03,
1875,2.00E-03,1.57E-03,
1876,2.29E-03,1.66E-03,
1877,2.59E-03,2.17E-03,
1878,2.25E-03,1.37E-03,
1879,2.05E-03,1.43E-03,
1880,1.81E-03,1.45E-03,
1881,1.86E-03,1.32E-03,
1882,1.90E-03,1.19E-03,
1883,1.95E-03,1.16E-03,
1884,1.95E-03,1.13E-03,
1885,2.10E-03,1.14E-03,
1886,1.66E-03,1.10E-03,
1887,2.25E-03,1.10E-03,
1888,2.39E-03,1.68E-03,
1889,2.29E-03,5.37E-04,
1890,1.61E-03,1.09E-03,
1891,2.54E-03,1.70E-03,
1892,2.10E-03,1.03E-03,
1893,1.17E-03,9.57E-04,
1894,2.25E-03,1.20E-03,
1895,1.81E-03,1.35E-03,
1896,1.56E-03,6.10E-04,
1897,1.90E-03,1.10E-03,
1898,2.05E-03,1.65E-03,
1899,2.05E-03,1.21E-03,
1900,2.05E-03,1.45E-03,
1901,1.81E-03,1.33E-03,
1902,1.37E-03,1.17E-03,
1903,2.15E-03,8.23E-04,
1904,1.90E-03,1.30E-03,
1905,2.73E-03,2.17E-03,
1906,2.15E-03,2.13E-03,
1907,2.34E-03,1.29E-03,
1908,2.00E-03,1.24E-03,
1909,2.15E-03,1.56E-03,
1910,2.44E-03,2.30E-03,
1911,2.39E-03,1.58E-03,
1912,2.44E-03,1.20E-03,
1913,1.86E-03,1.27E-03,
1914,1.81E-03,1.00E-03,
1915,2.44E-03,9.00E-04,
1916,3.03E-03,1.77E-03,
1917,2.39E-03,8.01E-04,
1918,3.03E-03,1.46E-03,
1919,2.05E-03,1.67E-03,
1920,2.98E-03,1.19E-03,
1921,2.44E-03,1.18E-03,
1922,2.00E-03,1.30E-03,
1923,2.29E-03,6.92E-04,
1924,2.29E-03,8.75E-04,
1925,2.29E-03,8.75E-04,
1926,2.54E-03,9.21E-04,
1927,2.34E-03,1.11E-03,
1928,2.05E-03,1.46E-03,
1929,2.10E-03,1.14E-03,
1930,2.69E-03,1.47E-03,
1931,2.78E-03,1.43E-03,
1932,1.71E-03,1.01E-03,
1933,2.10E-03,1.50E-03,
1934,2.64E-03,6.97E-04,
1935,3.13E-03,2.32E-03,
1936,3.17E-03,2.03E-03,
1937,2.88E-03,1.46E-03,
1938,3.03E-03,1.96E-03,
1939,2.59E-03,6.92E-04,
1940,2.78E-03,1.71E-03,
1941,2.34E-03,1.04E-03,
1942,3.13E-03,1.30E-03,
1943,2.10E-03,1.50E-03,
1944,2.25E-03,1.03E-03,
1945,2.10E-03,1.07E-03,
1946,2.15E-03,1.28E-03,
1947,2.49E-03,1.24E-03,
1948,2.54E-03,1.39E-03,
1949,2.34E-03,1.63E-03,
1950,1.90E-03,1.54E-03,
1951,2.98E-03,1.90E-03,
1952,2.15E-03,1.22E-03,
1953,2.88E-03,7.06E-04,
1954,2.49E-03,1.83E-03,
1955,3.13E-03,1.74E-03,
1956,2.98E-03,1.70E-03,
1957,2.49E-03,1.16E-03,
1958,3.42E-03,1.79E-03,
1959,2.83E-03,1.65E-03,
1960,2.25E-03,1.42E-03,
1961,2.78E-03,1.24E-03,
1962,2.10E-03,1.27E-03,
1963,2.34E-03,1.32E-03,
1964,2.83E-03,2.26E-03,
1965,3.27E-03,1.65E-03,
1966,2.69E-03,2.09E-03,
1967,2.59E-03,1.27E-03,
1968,2.73E-03,1.58E-03,
1969,2.88E-03,2.08E-03,
1970,2.93E-03,1.00E-03,
1971,3.03E-03,1.17E-03,
1972,3.71E-03,1.83E-03,
1973,3.03E-03,1.54E-03,
1974,3.32E-03,2.09E-03,
1975,2.54E-03,1.21E-03,
1976,3.52E-03,2.52E-03,
1977,3.66E-03,2.21E-03,
1978,2.98E-03,1.12E-03,
1979,3.42E-03,2.40E-03,
1980,2.64E-03,1.07E-03,
1981,2.98E-03,1.73E-03,
1982,2.39E-03,1.30E-03,
1983,2.73E-03,1.33E-03,
1984,3.91E-03,2.44E-03,
1985,2.49E-03,1.06E-03,
1986,2.29E-03,1.45E-03,
1987,2.88E-03,1.35E-03,
1988,3.17E-03,1.37E-03,
1989,2.88E-03,1.46E-03,
1990,3.71E-03,2.09E-03,
1991,2.73E-03,1.30E-03,
1992,2.39E-03,1.39E-03,
1993,2.64E-03,1.35E-03,
1994,3.32E-03,1.91E-03,
1995,2.59E-03,1.36E-03,
1996,3.27E-03,1.00E-03,
1997,3.13E-03,1.35E-03,
1998,1.95E-03,1.46E-03,
1999,3.47E-03,1.24E-03,
2000,1.95E-03,1.88E-03,
2001,3.22E-03,2.78E-03,
