1059,1002,1015,1031,1005,998,985,1015,1007,1011,19.18749593,1012.8
1034,1003,1047,1039,1016,1010,1041,1046,1035,1018,14.98299036,1028.9
1017,1041,1025,1008,999,1012,1032,1040,1035,1028,13.49110818,1023.7
1002,994,1021,1036,981,988,1009,1023,1024,1004,16.76782633,1008.2
1036,1043,1028,1030,1015,1024,1018,1011,1026,1034,9.404786016,1026.5
1029,1015,1046,1066,1045,1016,1000,1033,1025,993,20.97522348,1026.8
1021,1031,1078,1024,1015,1027,1015,988,1025,1020,21.11018711,1024.4
988,1056,1052,1037,1020,1022,1049,1013,1053,1004,22.33472632,1029.4
1028,1041,1069,1030,1023,1012,1038,1030,1022,998,17.78454385,1029.1
1021,1031,1049,1062,1025,1014,996,999,969,1039,26.00865241,1020.5
1012,998,1054,982,1044,999,1035,1053,1007,1014,23.84030201,1019.8
1049,977,1090,1045,1017,1000,1025,1018,984,1026,31.44662144,1023.1
1068,1013,1000,1054,997,996,1033,1006,1023,978,26.55108284,1016.8
1029,1002,1049,1015,997,1004,1041,994,1034,970,23.33773768,1013.5
1041,1015,1024,1036,1028,1009,1017,1020,990,997,15.19243233,1017.7
1004,1017,1035,1058,987,1014,1040,978,1005,1048,24.92468656,1018.6
1002,997,1018,1012,993,973,1043,1011,1010,1018,17.49314151,1007.7
995,1040,1049,1036,1014,1031,1039,1022,1024,1002,16.47300823,1025.2
998,995,1056,1057,1043,1009,1005,996,1068,1020,27.03349774,1024.7
1004,1028,1028,1060,1021,967,1016,997,1028,1041,24.15367467,1019
1052,1044,1054,1055,1036,1060,1062,1028,1043,1016,14,1045
1031,999,1008,1060,1003,998,1015,1053,1024,1035,20.89593262,1022.6
1013,990,1040,1031,992,974,1060,1014,1057,1017,27.1470072,1018.8
1048,1010,1041,1056,1068,972,1004,1015,1025,999,27.98499598,1023.8
1059,1009,1024,1027,985,1005,1032,1012,1002,990,20.70386437,1014.5
1043,1022,1031,1031,993,1023,1027,1015,991,1004,16.2603813,1018
1028,1038,1023,1069,993,1019,1010,1043,1025,1030,19.16663768,1027.8
1019,1030,1007,1038,994,1031,1036,1029,999,1031,15.06784656,1021.4
1002,1024,1059,1010,1006,1006,1063,1038,1003,1042,22.40111604,1025.3
1007,996,1083,1048,1030,996,1034,1045,1018,992,27.46434052,1024.9
1023,1056,1052,991,1021,977,1039,1000,1010,1026,24.31974506,1019.5
1014,1042,1001,1068,1019,999,1005,1003,981,1020,23.30579327,1015.2
1005,1003,1028,1046,1016,983,1021,1054,1024,1022,19.53356086,1020.2
1025,1026,1055,1033,996,1019,975,1036,982,1039,24.69493875,1018.6
993,1016,1025,1001,1018,1018,999,1043,1006,1006,13.92300255,1012.5
1024,1032,1025,1029,992,1040,1026,994,1003,1009,15.82529621,1017.4
1012,1042,1010,1052,1024,1045,989,1074,993,988,28.03372968,1022.9
995,1055,1032,1027,1032,1012,997,1067,972,1021,26.9888866,1021
1011,1013,1047,1031,1017,1029,989,1075,1045,1008,23.2432786,1026.5
1008,977,1052,1029,1008,997,987,1023,1024,1032,21.522314,1013.7
1040,993,1022,1042,1031,980,1036,1022,1018,1000,19.94091272,1018.4
1009,1001,1042,1012,1010,1050,1023,1024,1022,999,15.79113675,1019.2
1027,989,1034,1065,1044,977,1011,1052,1008,1025,26.12967661,1023.2
1027,1022,1009,1046,1008,983,1025,990,1021,970,21.92920427,1010.1
1050,1031,990,1018,1005,980,1019,1028,1020,1018,19.10732844,1015.9
1010,995,1001,1038,1004,997,1028,1013,1029,997,14.64103821,1011.2
1019,1005,1014,1052,984,1012,1031,1040,1012,1005,18.40760712,1017.4
979,1064,1023,1007,1015,1032,1021,1048,1001,1034,22.90938672,1022.4
1035,1012,1038,1064,993,983,1045,1020,1011,1013,23.2,1021.4
991,1017,1016,977,1013,988,995,985,1007,1005,13.37310734,999.4
1008,1027,1013,1015,1015,1026,993,1024,1000,1006,10.65879918,1012.7
994,981,1026,1030,985,970,1026,1017,972,993,22.11877031,999.4
1029,1032,1037,1046,996,1052,1019,1033,1008,1001,17.84404663,1025.3
1035,1005,1036,1024,978,1005,1002,1024,1014,977,19.83935483,1010
975,994,1025,1013,1009,1016,971,1037,1036,987,22.51688256,1006.3
993,1034,1012,1044,1023,986,1004,1021,1011,1009,16.70957809,1013.7
1007,1024,1039,1006,996,1026,1021,1034,978,1027,17.85385113,1015.8
1009,1022,1044,1025,993,995,1039,952,991,953,30.43369843,1002.3
1009,1028,1058,1020,1015,1018,1038,1004,1026,1001,16.14341971,1021.7
1033,1028,1004,1026,1034,1017,1034,1018,969,1025,18.81913919,1018.8
1030,994,1024,1002,1018,997,1023,1018,1016,998,12.33693641,1012
993,1022,1023,1067,1013,982,997,1039,1004,1009,23.34716257,1014.9
1025,999,1049,1022,1030,1042,992,1033,981,1010,21.07154479,1018.3
1014,1021,1040,1042,1037,1022,1064,1000,1028,1027,16.61475248,1029.5
988,1010,1039,1046,1034,989,999,1025,954,1001,26.79272289,1008.5
1005,980,1032,1051,996,1006,1023,1029,978,991,22.8230147,1009.1
1014,1011,1023,1055,1027,966,1015,1019,1007,1018,20.76655966,1015.5
980,1042,992,1017,1013,1022,1001,1025,1003,930,29.39812919,1002.5
982,1009,997,1007,977,1050,1032,1005,1015,1047,23.47530617,1012.1
1018,1020,1061,1035,1002,1001,1046,1001,1029,1030,19.04757202,1024.3
1014,1037,1039,988,973,1032,1009,1010,1023,1033,20.70169075,1015.8
1045,1000,1018,1024,1033,1012,1035,1057,1009,990,19.5961731,1022.3
1003,1006,1018,1028,990,1033,1053,1019,1000,976,21.21414622,1012.6
1027,976,1024,1037,997,1002,1032,1024,998,1044,20.52047758,1016.1
1004,1053,1029,1071,1028,1001,1013,990,1004,1006,24.19276751,1019.9
980,966,1000,1037,963,997,1048,990,994,991,25.90057914,996.6
1015,1006,1027,990,1004,1011,1025,1019,1025,996,12.08966501,1011.8
1024,1019,1014,1021,988,1016,1041,989,1030,1032,16.34747687,1017.4
1025,1019,1012,1053,1011,991,1056,1005,999,996,21.28403157,1016.7
1002,996,1006,997,1006,1016,1029,1020,1025,1004,11.04038043,1010.1
996,1042,999,1047,1019,989,1011,1018,996,994,19.33106309,1011.1
1000,1015,1049,1048,1004,1040,986,1041,970,1006,26.13599051,1015.9
1027,1004,998,990,1027,1047,1014,1005,1011,1025,16.01124605,1014.8
1007,984,1053,1051,1011,989,1009,1063,1018,999,26.35602398,1018.4
1041,991,1005,996,993,975,1047,974,977,978,25.14378651,997.7
1015,999,1006,1011,1017,1025,1049,1008,1015,982,16.42589419,1012.7
1022,991,1028,991,991,978,1009,1047,1042,995,22.78244939,1009.4
997,990,1018,982,1029,999,1010,1037,1005,1060,22.53907718,1012.7
1015,1056,962,1025,983,978,1037,1006,979,1021,28.47033544,1006.2
1039,986,1043,1018,1021,981,1059,1007,1002,1049,25.3465974,1020.5
985,998,978,997,1012,978,1011,1018,1016,984,15.01366045,997.7
1011,1010,1020,967,1017,976,1027,1014,1011,987,19.05255888,1004
998,1021,998,989,1026,977,975,994,994,971,17.2861216,994.3
1014,1029,1023,1022,973,971,1030,1033,1043,985,24.83968599,1012.3
1012,1032,1007,957,1016,982,1025,1044,1005,1015,23.56798676,1009.5
1008,998,1011,955,968,1017,1012,997,997,1008,19.15437287,997.1
1028,988,978,959,1001,1008,1007,1010,988,998,18.25513626,996.5
1030,1008,1007,968,992,1009,995,1024,1019,981,18.42851052,1003.3
1002,1050,977,951,1001,982,1000,1004,958,995,26.31349464,992
998,1010,955,980,998,1020,1071,981,1009,973,30.23656727,999.5
994,1047,938,1006,978,1025,1024,1017,1000,982,29.00155168,1001.1
995,983,987,988,977,1026,1008,1053,993,1015,22.173182,1002.5
1052,992,985,971,1030,1002,1019,1009,1030,1006,22.79122638,1009.6
1003,1021,983,982,995,1020,987,1016,936,970,24.80342718,991.3
1028,1028,967,955,1019,975,1056,1057,977,980,35.78491302,1004.2
1018,1011,954,956,986,951,1012,1003,1007,992,24.79919354,989
1029,976,921,999,1010,978,1014,1008,982,1012,29.09793807,992.9
965,1019,931,934,1017,968,1017,1024,997,990,33.29504468,986.2
985,993,956,915,1031,976,1008,1002,978,991,29.80352328,983.5
965,956,948,940,981,964,1036,1035,966,959,31.98437118,975
977,981,888,963,1005,1028,1015,995,978,943,38.00276306,977.3
1010,988,944,916,994,975,996,1010,953,961,29.2268712,974.7
1001,1007,918,974,985,976,1035,1051,975,949,36.93088139,987.1
1011,997,908,930,1029,983,1042,984,945,950,41.57511275,977.9
1028,998,969,903,999,956,1005,1021,946,950,37.30214471,977.5
980,1009,937,892,1004,975,1015,997,958,1000,36.50219172,976.7
997,1009,936,895,998,962,1019,1039,986,933,42.5657139,977.4
996,974,914,941,1006,999,993,986,950,966,28.18598943,972.5
991,1005,921,888,919,957,1008,1020,977,945,42.07481432,963.1
968,986,908,924,974,983,1027,1061,964,976,41.83646735,977.1
993,991,922,897,938,926,984,986,985,971,33.31080906,959.3
967,972,912,873,957,1006,1002,938,918,950,38.98781861,949.5
959,988,922,885,983,987,982,1013,929,939,37.1350239,958.7
971,959,893,877,997,942,988,1014,934,976,41.93435346,955.1
963,961,901,847,961,982,1016,998,949,901,48.43851773,947.9
981,981,880,862,946,958,989,995,935,934,43.03591523,946.1
949,939,874,893,979,925,1011,978,934,925,38.90257061,940.7
997,958,864,888,955,943,1013,1001,933,928,45.70557953,948
976,946,861,856,942,979,948,1001,936,939,44.64347657,938.4
987,985,888,873,932,976,987,1003,907,937,44.15937047,947.5
956,974,855,836,888,942,967,965,887,931,47.3760488,920.1
987,942,841,837,911,928,981,961,916,892,49.44532334,919.6
960,929,847,838,941,977,937,969,875,858,50.50435625,913.1
923,958,824,812,962,968,1000,920,890,872,59.5826317,912.9
937,925,821,839,940,930,953,978,874,879,48.87576086,907.6
923,926,812,801,936,932,953,960,873,897,53.10376634,901.3
929,876,834,803,943,938,968,956,890,872,52.06812845,900.9
909,908,795,792,905,930,957,951,845,901,56.11604049,889.3
917,919,763,777,938,916,950,979,838,868,69.30692606,886.5
894,908,810,807,905,955,953,958,867,869,52.51133211,892.6
890,889,768,766,913,935,1009,953,840,843,74.00702669,880.6
868,872,812,777,892,903,957,950,881,849,52.68102125,876.1
904,936,777,747,911,877,925,963,843,861,65.81063744,874.4
907,849,714,781,877,902,932,955,838,833,68.80959235,858.8
891,835,815,772,897,904,923,952,766,818,61.33522642,857.3
880,822,772,780,864,903,985,980,800,844,71.86375999,863
835,854,731,761,886,894,948,930,830,824,65.29172995,849.3
844,868,768,739,899,873,951,914,791,818,64.04256397,846.5
858,877,799,743,900,861,930,962,808,800,63.66129122,853.8
831,829,717,741,910,869,955,893,830,783,70.76694143,835.8
846,857,752,749,879,888,922,899,823,832,55.23775882,844.7
849,830,752,736,852,867,927,891,776,800,58.34380858,828
844,819,730,733,887,890,861,912,834,797,59.46435907,830.7
808,831,762,729,867,877,892,896,806,791,53.86733704,825.9
846,808,726,730,851,894,901,864,777,815,58.77890778,821.2
802,787,712,758,864,843,899,908,815,776,59.33161046,816.4
774,781,715,687,858,873,917,909,781,780,74.49328829,807.5
828,805,729,738,853,813,876,887,787,747,53.4771914,806.3
766,800,730,717,836,785,897,872,769,781,54.91821192,795.3
805,804,722,711,842,811,901,883,773,741,61.01319529,799.3
788,794,715,722,806,829,885,858,763,744,53.42134405,790.4
775,766,696,710,788,782,866,865,773,743,53.06071993,776.4
776,787,666,694,829,808,840,865,793,742,60.06662967,780
778,815,655,659,824,801,858,869,768,792,69.3749955,781.9
794,804,686,652,815,833,832,829,765,770,59.51134346,778
806,775,712,668,826,803,861,836,740,781,56.39645379,780.8
789,761,628,654,771,829,843,831,757,761,68.01940899,762.4
755,807,635,660,817,827,854,840,738,732,71.88775974,766.5
771,807,657,674,828,801,835,821,738,725,61.13108865,765.7
782,759,675,642,784,807,832,818,745,755,57.63410449,759.9
759,757,652,651,801,774,844,839,747,755,62.352947,757.9
798,788,627,600,770,784,822,789,750,728,70.66003114,745.6
769,758,638,635,752,759,809,822,752,734,58.89448191,742.8
745,772,615,609,778,808,821,832,732,745,73.95410739,745.7
756,754,632,605,765,806,794,788,724,735,63.7611951,735.9
756,752,611,606,761,748,807,813,761,747,67.57632722,736.2
797,765,609,623,791,787,833,800,703,710,73.49802718,741.8
736,770,621,580,775,748,826,764,717,695,70.4766628,723.2
758,798,573,614,737,737,785,814,705,743,73.72679296,726.4
773,754,561,617,754,753,822,771,719,740,74.22694928,726.4
775,809,567,586,780,722,805,769,734,726,80.77134393,727.3
794,760,575,597,734,742,765,783,720,734,70.78022323,720.4
733,761,633,589,762,753,768,784,699,697,60.62911842,717.9
756,766,586,585,757,743,759,777,708,737,68.28352656,717.4
787,784,638,565,750,726,785,741,728,745,67.36831599,724.9
766,802,620,571,737,729,759,750,713,703,66.2721661,715
727,757,604,599,711,710,782,748,700,685,57.28533844,702.3
762,799,568,602,723,677,762,781,693,715,71.92885374,708.2
779,759,587,578,702,670,718,741,713,711,63.55910635,695.8
766,767,615,609,739,715,752,738,738,722,54.38832595,716.1
742,756,632,587,705,664,775,737,697,691,55.38808536,698.6
759,741,573,578,709,703,739,739,676,717,63.03681464,693.4
741,741,602,556,670,669,757,764,684,684,64.5581908,686.8
766,764,563,572,661,698,753,724,689,698,68.83719925,688.8
751,779,591,578,663,646,734,756,690,725,66.44704659,691.3
737,745,588,548,673,641,705,731,694,701,62.17563832,676.3
756,780,554,572,612,633,751,725,687,672,75.49278111,674.2
765,777,586,575,667,653,729,749,671,687,66.58595948,685.9
761,746,569,577,640,596,690,705,669,712,65.23074429,666.5
728,773,594,574,677,604,703,717,684,659,60.80139801,671.3
786,763,590,569,617,559,684,698,689,696,74.57405715,665.1
757,777,576,554,584,573,727,696,671,670,77.92207646,658.5
774,751,566,557,584,573,717,742,658,703,81.13599694,662.5
789,742,574,567,536,554,713,730,685,688,86.65540953,657.8
774,730,555,575,580,554,730,690,663,664,76.73623655,651.5
740,736,557,577,536,524,699,700,702,679,81.57327994,645
738,770,597,582,563,517,667,698,658,672,76.04709067,646.2
743,732,576,574,553,495,674,670,673,645,76.72450717,633.5
782,770,568,563,522,499,647,661,675,616,91.28641739,630.3
753,773,574,580,514,507,668,654,674,661,86.24360846,635.8
754,755,560,595,475,475,668,648,676,651,94.50719549,625.7
761,768,568,561,507,450,646,645,619,608,95.20299365,613.3
802,794,575,548,479,520,661,611,631,650,101.3749969,627.1
763,807,550,543,427,493,625,615,666,630,110.106721,611.9
760,739,573,568,473,471,601,654,649,686,94.40889789,617.4
759,750,571,556,456,491,614,612,629,656,93.06363414,609.4
778,755,551,580,475,431,633,663,605,619,103.6001931,609
783,764,558,573,467,387,636,628,648,613,114.0894824,605.7
765,748,561,552,472,412,642,625,577,603,103.6455981,595.7
750,764,590,549,446,428,619,598,648,603,103.9579242,599.5
762,785,552,543,421,391,601,600,604,594,118.1677198,585.3
784,768,579,549,426,440,633,631,631,602,111.2780751,604.3
758,756,541,552,401,418,585,615,573,586,111.6075714,578.5
768,769,568,517,420,394,633,648,627,612,119.8358878,595.6
775,752,546,540,346,402,617,623,571,579,126.4376922,575.1
779,807,579,571,377,375,589,629,588,579,132.8382851,587.3
768,742,550,580,366,372,607,569,577,589,123.2266205,572
779,780,560,567,354,364,586,608,572,614,134.1329192,578.4
756,757,605,573,352,383,594,591,553,571,124.2885755,573.5
768,776,574,571,368,311,606,612,544,528,139.5942692,565.8
743,763,588,574,344,328,624,630,564,552,135.6554459,571
776,781,556,603,313,318,605,566,544,560,148.05526,562.2
734,787,575,536,291,308,644,574,587,545,150.545973,558.1
786,794,598,546,297,325,568,612,567,557,153.1149895,565
782,787,562,542,312,280,593,588,565,573,155.912283,558.4
752,733,570,541,311,281,582,596,582,579,144.6333641,552.7
767,746,567,552,281,232,543,593,530,554,161.1752152,536.5
785,758,516,571,256,270,587,615,548,572,164.6072902,547.8
765,749,531,561,258,247,565,586,562,555,162.3597549,537.9
748,757,576,551,249,211,622,594,569,561,171.8922919,543.8
767,761,571,597,219,221,592,605,543,525,177.9170874,540.1
799,737,571,583,202,223,598,582,533,559,181.3709183,538.7
773,744,566,572,210,202,560,568,570,575,179.9160916,534
759,795,590,559,197,233,571,577,526,563,181.8543373,537
762,774,555,588,152,200,557,568,534,573,193.1409071,526.3
747,757,553,558,184,209,562,568,531,520,180.0069165,518.9
768,782,572,559,170,152,611,551,550,575,201.1601352,529
783,759,552,572,188,179,551,563,557,552,190.1084953,525.6
785,758,562,545,141,167,603,553,544,516,201.4969975,517.4
741,769,577,601,154,118,587,573,571,557,206.7001693,524.8
760,727,563,568,140,159,575,581,555,554,197.0831297,518.2
739,750,549,550,146,138,580,560,584,560,199.7759745,515.6
765,745,544,593,122,114,587,553,548,545,211.2052083,511.6
754,755,576,587,142,105,549,552,498,569,208.8511671,508.7
747,794,587,558,126,98,561,573,588,546,218.0824615,517.8
720,761,549,567,132,125,576,530,541,525,202.0827553,502.6
730,759,565,563,122,96,536,570,548,545,210.8754135,503.4
769,784,555,553,92,111,564,504,524,552,220.004909,500.8
719,782,523,541,100,113,519,544,541,567,211.582348,494.9
743,791,549,555,82,94,511,546,544,548,222.4985618,496.3
780,771,534,577,101,81,522,519,531,558,223.3361592,497.4
765,759,530,567,78,76,483,506,515,532,223.2838776,481.1
779,751,545,567,69,73,524,502,561,542,228.2003725,491.3
772,775,572,544,94,73,513,516,555,537,225.4934367,495.1
789,753,512,541,93,77,502,486,505,551,222.0610051,480.9
749,748,528,579,66,66,497,489,522,542,224.7310392,478.6
749,754,573,566,61,66,488,462,557,530,227.8711039,480.6
755,735,497,578,57,81,453,463,515,523,221.5220305,465.7
759,738,540,550,56,61,476,458,541,527,226.6690098,470.6
707,792,576,559,70,69,491,459,541,524,225.2899465,478.8
762,726,552,556,62,66,453,455,537,534,224.4321947,470.3
801,783,552,567,38,37,435,455,547,521,246.5007911,473.6
754,741,543,541,36,59,417,421,556,505,231.0761996,457.3
774,751,556,564,48,45,426,376,536,505,236.908189,458.1
740,746,559,533,66,62,439,385,536,535,225.0406408,460.1
738,735,546,558,57,41,422,373,540,571,231.4253443,458.1
762,760,532,534,57,29,401,403,526,530,235.7083791,453.4
717,773,549,532,55,40,422,411,540,521,230.5111711,456
750,746,538,519,48,44,394,391,548,562,233.4879012,454
735,777,578,507,48,53,402,385,524,541,233.8880074,455
746,740,570,542,69,60,356,378,501,523,226.6646201,448.5
732,700,536,555,61,51,405,400,523,535,220.9175412,449.8
724,752,528,581,42,46,364,383,516,518,232.3485313,445.4
755,710,533,514,41,60,352,400,524,494,225.6408873,438.3
766,736,526,534,48,55,362,378,518,503,230.6352965,442.6
708,718,536,535,51,40,382,372,529,513,223.5805,438.4
705,718,519,552,51,33,330,360,520,526,226.8965403,431.4
704,771,544,525,55,38,358,345,527,514,231.4918789,438.1
774,730,509,532,33,66,335,331,530,510,234.5340061,435
741,713,538,545,58,65,302,334,536,499,226.8940061,433.1
735,725,526,570,58,57,328,289,528,505,230.6184945,432.1
710,748,521,552,53,37,344,303,515,552,233.4049057,433.5
715,740,534,527,63,71,311,306,509,494,223.808847,427
730,714,521,530,51,66,288,317,523,514,226.6054721,425.4
694,735,543,538,76,30,295,304,523,502,228.0447325,424
723,711,511,538,67,51,298,302,531,496,225.0092443,422.8
706,717,562,552,34,38,304,285,520,485,234.1832829,420.3
696,703,531,563,36,53,308,303,506,496,225.9607267,419.5
716,704,534,573,43,45,278,301,486,507,231.0117097,418.7
710,711,533,521,44,33,307,290,527,484,229.7716258,416
706,709,538,563,47,58,313,276,470,510,226.4151055,419
726,701,572,544,30,65,309,293,512,520,231.4298166,427.2
697,682,537,530,51,41,318,296,517,505,222.1059207,417.4
715,683,563,543,36,42,286,304,500,515,229.9852387,418.7
713,735,555,539,29,52,274,268,507,493,237.2678866,416.5
689,697,525,532,42,52,301,286,490,510,222.5997305,412.4
705,706,525,502,38,51,296,300,481,489,223.5996646,409.3
714,691,507,579,43,66,280,271,491,533,227.9737924,417.5
689,703,518,551,30,29,306,280,499,519,230.7068269,412.4
695,705,554,534,49,54,277,280,500,497,226.15802,414.5
696,667,539,555,39,45,304,280,509,507,224.4002897,414.1
713,686,547,524,26,33,300,275,513,538,233.741417,415.5
691,682,535,575,25,46,278,314,512,502,228.3996497,416
673,681,559,529,50,47,287,278,510,523,222.6041554,413.7
650,638,570,547,33,48,261,286,483,488,217.989541,400.4
640,666,530,553,40,33,272,274,534,529,223.4517621,407.1
633,655,559,537,54,44,287,314,518,513,213.3950327,411.4
636,613,554,561,54,48,301,282,520,505,210.4576917,407.4
641,639,520,543,45,32,285,271,516,487,215.0225337,397.9
608,620,546,547,38,38,301,272,512,525,212.3737507,400.7
604,631,539,536,37,33,290,294,523,507,211.9345182,399.4
606,626,536,536,40,44,281,283,512,547,211.8562956,401.1
631,614,567,584,59,43,274,291,528,523,215.0819379,411.4
581,621,537,560,50,57,280,260,519,505,206.2076623,397
612,608,559,551,48,62,312,321,496,513,202.4192679,408.2
600,636,523,540,55,28,308,307,510,519,207.6392063,402.6
599,567,573,529,38,45,286,305,536,520,206.4087207,399.8
578,543,561,553,54,45,255,302,519,527,201.922287,393.7
556,564,571,537,54,59,300,307,514,531,195.9694109,399.3
569,578,541,536,46,45,298,301,520,518,199.5649268,395.2
563,583,551,527,48,56,306,261,499,524,198.4665211,391.8
571,557,549,529,54,41,291,304,484,514,195.2829742,389.4
567,526,519,574,51,48,282,298,504,510,194.8555619,387.9
561,543,558,514,55,69,306,298,534,518,190.7465334,395.6
515,539,546,560,26,72,324,263,488,516,192.4543842,384.9
523,544,561,589,52,46,310,268,508,480,196.4939948,388.1
511,525,545,559,69,56,302,301,520,494,185.3099026,388.2
476,509,533,524,47,53,271,302,506,507,183.6495576,372.8
487,499,539,569,39,63,281,280,485,535,189.2564662,377.7
501,512,550,564,46,42,300,275,488,498,190.6767946,377.6
483,474,523,579,53,43,274,302,509,525,188.376352,376.5
478,498,589,553,62,79,305,290,532,522,185.6581805,390.8
457,493,571,541,55,65,271,306,513,498,182.9836058,377
468,454,548,526,56,62,306,286,515,532,180.0777887,375.3
474,448,569,544,57,62,290,302,476,526,180.5479438,374.8
440,454,550,553,55,38,295,298,522,518,185.2182766,372.3
440,445,539,560,45,67,306,298,503,494,177.4722795,369.7
457,447,559,546,60,55,314,275,514,485,179.3397892,371.2
438,426,552,549,47,45,276,316,499,517,182.4166933,366.5
436,437,552,580,66,51,279,290,525,517,184.5134412,373.3
435,431,541,566,64,44,292,287,516,516,181.9652714,369.2
396,414,562,580,45,68,317,304,507,511,180.615171,370.4
442,431,560,574,37,59,293,287,503,476,183.2565415,366.2
394,443,565,534,34,39,292,294,503,508,184.6597953,360.6
436,424,555,558,41,81,301,270,501,513,179.1463089,368
417,390,558,534,48,32,310,284,522,477,180.7450138,357.2
398,389,551,549,44,63,301,304,503,476,174.0763051,357.8
413,417,557,516,33,45,300,293,509,519,181.9141556,360.2
357,403,565,555,45,34,289,265,531,502,187.2400598,354.6
400,351,575,556,49,30,302,291,502,505,184.6902542,356.1
398,360,564,571,30,57,313,283,500,512,184.1514594,358.8
344,374,560,537,35,46,278,271,470,518,180.2559569,343.3
415,356,537,550,68,46,330,288,500,518,174.6343609,360.8
370,387,540,559,37,31,280,292,499,510,183.6688596,350.5
325,345,535,528,41,52,278,297,504,499,174.3078885,340.4
368,384,594,559,53,32,301,294,501,544,189.2918382,363
388,348,569,519,33,53,282,304,533,528,183.9173999,355.7
345,366,558,568,31,51,289,270,520,532,188.2248655,353
348,350,555,537,47,35,305,308,502,476,176.2566594,346.3
372,353,562,548,40,39,272,301,531,522,186.5829574,354
315,346,558,546,21,46,317,298,500,490,181.4039966,343.7
353,324,558,566,38,30,292,284,529,534,190.7772523,350.8
346,371,555,537,42,37,289,293,532,532,185.3068806,353.4
340,323,527,520,46,22,299,291,488,504,175.4821928,336
356,331,521,514,33,23,273,288,466,496,174.5098565,330.1
327,328,527,519,35,27,319,318,523,521,180.3603061,344.4
337,332,576,568,22,29,294,301,495,472,187.2475367,342.6
314,305,522,568,41,36,293,310,518,501,181.5306035,340.8
309,326,557,539,41,37,286,303,509,517,182.530655,342.4
355,297,515,556,37,35,302,291,517,524,182.5198345,342.9
331,314,549,546,29,49,282,280,490,486,178.5671862,335.6
330,302,554,550,40,35,277,287,522,497,184.1228937,339.4
306,317,525,546,23,28,319,288,494,523,183.4210729,336.9
317,342,508,521,50,28,304,282,474,537,174.4276641,336.3
296,300,543,517,31,24,301,314,474,486,176.5164015,328.6
300,312,535,525,22,46,267,294,512,518,181.7775839,333.1
313,320,505,549,31,22,269,292,507,486,180.0184435,329.4
316,302,521,517,45,39,323,283,491,500,171.8365793,333.7
291,307,529,509,34,39,292,316,499,486,173.356742,330.2
299,287,520,520,34,34,277,284,490,483,174.2577401,322.8
301,294,515,514,39,28,280,306,500,500,175.1930649,327.7
303,311,549,514,41,40,308,288,485,502,174.9905426,334.1
274,289,559,548,36,44,278,283,503,492,182.7830408,330.6
289,328,501,522,40,40,278,277,476,481,168.8661008,323.2
292,322,547,527,30,42,265,285,458,517,178.3060571,328.5
314,294,534,548,45,19,260,259,521,472,183.0596624,326.6
308,296,543,531,34,46,314,308,457,502,173.7765519,333.9
280,296,522,525,37,43,275,302,513,490,175.963661,328.3
287,298,528,533,41,47,269,275,503,476,174.5571826,325.7
326,299,538,517,38,43,272,271,487,474,172.9018508,326.5
295,275,526,519,48,35,273,337,448,470,167.6932915,322.6
299,303,538,524,30,28,276,314,481,454,174.6030068,324.7
307,292,544,512,43,48,295,301,477,471,169.2134746,329
291,277,519,557,45,45,304,297,480,474,172.9216296,328.9
302,281,507,513,32,30,296,273,507,496,175.9829821,323.7
266,301,553,516,39,35,273,271,477,475,175.911455,320.6
295,291,513,514,33,35,277,320,442,442,164.7475645,316.2
309,304,528,515,37,40,289,288,452,472,168.0929505,323.4
296,275,530,529,25,46,306,288,453,462,170.7471815,321
277,286,500,496,45,23,293,278,472,452,165.1143846,312.2
287,283,535,516,30,45,313,288,479,449,170.2223546,322.5
283,258,541,554,42,51,261,278,442,448,171.6949621,315.8
310,271,525,504,51,38,288,293,422,450,160.9638469,315.2
290,262,546,487,43,51,273,305,414,445,160.7819642,311.6
258,289,529,552,54,35,296,300,425,413,165.7410329,315.1
278,294,523,507,44,36,279,275,402,388,157.3138265,302.6
280,292,518,513,39,25,267,279,399,429,162.759608,304.1
287,277,522,497,40,26,276,277,410,416,160.6392231,302.8
294,260,497,519,46,62,297,297,402,377,150.2188071,305.1
289,272,500,524,31,43,272,286,398,391,157.5920049,300.6
262,296,533,501,51,32,278,272,344,379,154.6446249,294.8
294,266,533,502,18,42,284,290,359,377,158.7502756,296.5
273,289,531,541,44,22,291,270,412,369,165.294162,304.2
277,262,515,520,34,33,292,266,334,387,157.4636466,292
295,289,472,482,43,31,287,307,370,340,143.9709693,291.6
278,284,512,537,35,36,301,277,335,339,156.4015345,293.4
243,282,532,493,40,55,304,283,376,320,151.0740216,292.8
282,248,525,509,31,29,272,296,344,328,156.462903,286.4
293,292,495,478,47,43,303,310,334,347,142.4842447,294.2
273,291,474,494,38,30,274,302,329,336,145.1050998,284.1
269,272,509,507,37,42,276,285,319,294,148.861009,281
295,276,478,484,24,27,286,264,309,314,145.8458433,275.7
280,276,471,470,26,34,290,282,286,294,140.4054486,270.9
274,284,511,497,29,37,276,258,287,313,149.6911487,276.6
257,260,467,469,41,31,281,279,305,285,137.7789897,267.5
252,312,464,504,24,24,300,247,276,315,147.9762143,271.8
271,290,463,476,35,40,280,288,285,278,137.4483176,270.6
267,294,475,446,30,44,263,257,271,321,136.0072057,266.8
312,287,434,423,35,37,295,278,307,281,128.0776717,268.9
292,298,442,491,16,43,283,273,263,251,140.0341387,265.2
262,303,442,453,42,42,287,277,259,277,129.764556,264.4
281,285,426,438,34,36,279,259,285,279,127.6344781,260.2
289,279,431,434,48,37,268,279,285,290,125.3722457,264
271,285,424,409,40,43,286,265,246,251,120.6938275,252
269,273,425,417,44,33,292,291,281,256,123.5778702,258.1
281,273,379,407,44,48,262,269,278,243,112.841659,248.4
287,279,426,437,36,39,287,271,287,250,126.7560255,259.9
293,284,415,400,30,38,261,272,250,294,121.8515901,253.7
301,288,430,383,28,38,264,281,284,245,122.6880597,254.2
263,272,381,399,35,37,285,245,260,292,116.0288326,246.9
279,285,390,377,24,34,279,296,260,267,117.8409521,249.1
265,281,389,372,24,26,289,268,233,267,117.6122443,241.4
272,259,363,382,21,30,281,284,243,250,115.0836652,238.5
285,270,381,355,34,32,272,251,266,251,111.2079583,239.7
258,293,387,341,27,24,258,255,223,242,112.6781257,230.8
293,282,371,362,30,28,268,277,251,263,113.3148269,242.5
253,287,365,357,24,34,248,268,221,222,109.933116,227.9
278,268,341,362,25,20,293,279,229,265,112.629481,236
283,303,370,371,28,19,275,256,236,247,116.2736428,238.8
302,295,344,375,24,35,269,308,244,242,113.9875432,243.8
279,275,360,327,38,21,282,283,228,264,108.456489,235.7
290,301,359,311,32,38,255,305,224,228,106.7783218,234.3
282,287,307,329,24,28,280,284,221,188,105.6853821,223
286,283,350,343,24,16,277,257,197,212,111.9796857,224.5
264,273,338,324,25,34,265,265,223,198,103.2670809,220.9
292,277,344,312,28,22,260,228,220,210,104.9285948,219.3
292,267,328,334,25,28,264,287,213,258,106.7419318,229.6
269,279,323,333,40,17,269,297,209,194,105.7856323,223
276,319,294,303,20,23,260,280,235,194,104.9811412,220.4
273,296,310,303,26,22,265,278,217,219,102.8615088,220.9
267,309,285,261,34,30,269,297,207,203,97.66043211,216.2
272,327,308,271,21,27,280,269,174,197,104.7389135,214.6
262,279,285,313,29,37,260,278,183,200,97.09500502,212.6
303,307,277,274,41,30,301,273,185,201,99.85669732,219.2
309,293,231,228,28,29,296,253,187,197,96.45874766,205.1
279,271,242,231,30,32,267,265,186,194,89.48525018,199.7
276,287,221,227,34,35,270,275,168,194,89.92446831,198.7
273,284,241,221,36,32,290,273,172,193,91.57865472,201.5
292,272,240,221,33,22,273,297,174,176,95.52591271,200
269,274,215,206,26,36,298,289,173,169,93.1034371,195.5
268,292,227,187,14,26,263,278,191,166,94.53761156,191.2
271,323,207,181,36,34,260,283,180,169,93.04214099,194.4
287,276,168,188,29,28,265,272,156,159,91.32666642,182.8
284,257,180,151,21,35,294,267,139,171,92.85413292,179.9
285,277,157,159,25,32,264,278,136,163,92.82262655,177.6
288,280,156,151,15,31,272,265,166,159,94.23592733,178.3
273,258,133,135,38,19,246,310,131,143,94.22229036,168.6
306,275,174,141,36,25,275,264,149,130,95.23576009,177.5
279,301,167,132,38,35,257,252,123,123,92.11411401,170.7
270,276,149,138,24,26,268,289,131,115,96.45952519,168.6
288,304,112,132,24,30,269,269,141,103,101.2213416,167.2
279,286,112,149,26,23,283,273,146,86,101.1731684,166.3
249,281,135,137,16,27,287,292,129,136,98.20330952,168.9
293,298,126,134,32,23,277,280,121,129,101.4948767,171.3
285,297,98,99,16,28,278,299,106,87,110.274249,159.3
264,272,111,125,44,31,251,283,115,105,92.4894048,160.1
286,277,118,124,32,31,273,271,112,106,97.91322689,163
264,269,125,113,24,28,265,286,91,124,97.46635317,158.9
259,274,122,113,28,21,259,257,97,106,94.27640214,153.6
261,278,88,103,16,22,264,273,97,104,101.0665128,150.6
273,270,112,101,17,38,308,264,79,92,104.7284107,155.4
287,272,92,101,19,27,262,274,111,84,102.6746804,152.9
279,282,102,93,27,30,301,269,64,63,110.0290871,151
277,257,137,77,17,26,293,283,91,86,105.6704311,154.4
288,286,109,70,32,21,254,274,66,78,107.0371898,147.8
277,274,76,80,23,26,300,278,74,68,111.6747062,147.6
266,281,73,70,35,24,287,279,82,54,110.0258606,145.1
289,286,78,65,26,29,265,271,71,61,110.4187031,144.1
301,283,69,71,25,29,264,305,60,83,115.3941073,149
275,294,64,83,29,23,299,275,57,65,115.146168,146.4
265,285,59,81,17,20,279,277,68,66,111.7775022,141.7
275,271,81,37,24,25,294,264,66,60,112.7493237,139.7
255,255,55,43,30,22,284,260,73,53,107.6159839,133
279,275,85,58,18,34,264,282,56,74,109.683408,142.5
291,267,57,73,31,36,269,266,52,64,109.1047203,140.6
244,286,45,71,20,38,266,262,66,41,107.8827604,133.9
251,284,50,59,38,48,285,279,46,47,111.5347928,138.7
257,284,56,47,46,33,278,283,51,67,110.9763939,140.2
286,270,51,47,22,34,277,279,55,59,114.7963414,138
260,281,53,44,39,44,283,276,61,46,111.5742354,138.7
247,283,56,65,40,51,271,272,46,40,107.6275522,137.1
276,255,68,70,28,45,280,277,44,47,109.3608705,139
280,269,54,44,37,28,291,266,62,55,113.1248867,138.6
256,271,56,60,46,31,284,279,53,52,109.6109484,138.8
290,281,54,60,33,34,271,285,61,41,115.3603051,141
274,274,47,42,32,34,271,287,50,35,116.0467147,134.6
263,267,47,67,45,26,266,277,48,46,109.0741033,135.2
273,271,42,36,37,36,286,289,49,36,117.9434186,135.5
239,272,40,50,33,38,262,293,46,51,110.2952402,132.4
279,247,57,46,23,47,286,257,49,38,110.4621655,132.9
265,281,44,45,26,21,278,256,47,33,115.0740631,129.6
263,270,49,55,30,29,272,253,46,41,109.5169393,130.8
270,265,41,56,49,30,278,263,43,50,110.0647537,134.5
276,271,46,31,26,37,248,261,28,31,113.4048059,125.5
291,275,37,33,32,34,258,270,50,62,114.3046806,134.2
290,269,37,42,43,32,274,280,55,54,115.1287974,137.6
285,279,27,48,21,22,273,260,43,50,117.6501594,130.8
284,276,40,28,42,28,266,281,43,41,117.6379616,132.9
276,292,43,51,18,32,300,272,23,40,123.2518154,134.7
266,269,35,41,28,19,254,262,40,40,112.3727725,125.4
255,267,51,40,32,31,273,293,46,43,113.8801563,133.1
252,285,42,28,27,32,265,275,30,29,116.875361,126.5
261,316,26,22,32,14,271,298,41,47,126.5439054,132.8
322,263,35,46,22,23,278,270,37,32,123.8650879,132.8
264,276,44,45,27,30,271,290,28,29,118.569136,130.4
288,268,19,34,29,31,271,252,32,26,118.5251028,125
284,271,29,34,28,23,246,260,28,45,115.1440837,124.8
270,290,24,31,16,28,243,275,47,21,119.1211568,124.5
263,246,42,41,25,14,267,278,30,32,114.5354094,123.8
270,271,29,30,33,21,267,268,43,34,116.3848787,126.6
298,277,31,29,24,31,279,295,27,49,125.422486,134
303,288,38,45,34,40,294,286,26,41,125.285474,139.5
272,289,37,28,33,27,285,280,28,33,122.8167741,131.2
270,254,45,42,16,28,278,257,42,28,113.7391753,126
254,269,35,34,13,23,266,280,29,20,118.6507901,122.3
269,268,37,27,34,16,257,266,30,39,115.0721947,124.3
284,265,31,33,22,15,269,288,33,38,121.7167203,127.8
261,269,35,23,30,21,268,269,32,26,117.1265982,123.4
280,261,44,25,23,35,286,279,28,40,119.831924,130.1
256,248,46,41,18,19,283,276,28,43,114.9624286,125.8
267,276,32,38,21,11,290,263,25,24,122.2555111,124.7
293,272,41,31,16,21,273,283,43,36,122.3057235,130.9
253,277,32,41,23,21,245,302,28,18,119.5784261,124
261,286,27,40,35,20,269,286,26,34,120.4136205,128.4
270,265,29,53,21,20,284,280,15,43,120.3769081,128
265,283,52,24,35,19,284,293,25,29,123.2083195,130.9
274,293,49,36,11,19,271,273,42,27,121.5995477,129.5
266,263,30,27,28,18,286,274,40,40,118.7163005,127.2
287,284,23,36,31,24,281,282,39,17,125.1560626,130.4
286,265,33,43,20,12,278,261,24,31,120.6002073,125.3
265,271,27,46,20,24,293,285,30,39,121.6478524,130
274,236,24,29,17,37,233,280,21,29,113.3922396,118
271,289,32,41,17,34,276,276,22,33,121.8067732,129.1
282,273,19,27,12,10,272,270,46,33,122.7690515,124.4
299,257,37,35,22,34,281,284,26,18,123.7400905,129.3
245,280,27,28,24,16,277,260,18,30,118.7941497,120.5
266,258,30,31,16,26,259,269,25,38,115.4433194,121.8
282,288,25,23,13,25,272,257,36,15,123.7741492,123.6
291,255,25,22,24,18,261,289,43,36,121.1331499,126.4
291,256,19,19,18,33,283,305,19,34,128.0273799,127.7
274,311,18,28,24,29,265,272,21,24,126.2031695,126.6
245,276,29,23,8,16,278,266,37,32,119.1276626,121
266,271,21,17,20,37,262,278,30,30,119.4326589,123.2
273,276,7,18,20,22,265,266,32,25,122.3235055,120.4
270,295,23,16,26,22,265,274,24,27,124.1851843,124.2
267,276,25,19,10,22,272,281,29,25,123.749101,122.6
270,271,8,22,22,22,298,285,28,51,125.7768262,127.7
282,286,17,25,34,14,299,257,29,25,126.38022,126.8
278,268,33,18,19,33,279,272,28,53,119.7050124,128.1
266,269,10,18,26,20,261,290,24,27,123.0816396,121.1
266,249,19,28,24,25,276,277,37,26,118.1101604,122.7
265,263,16,17,21,18,278,278,29,23,122.766282,120.8
274,254,22,22,16,13,270,271,26,25,120.955405,119.3
278,251,19,19,23,23,279,278,15,13,124.122359,119.8
274,263,24,21,24,16,279,302,28,29,125.699642,126
272,273,17,18,24,33,284,271,37,39,121.241742,126.8
275,296,12,17,21,17,285,276,25,32,128.7246674,125.6
262,236,19,13,32,22,292,262,25,21,118.8134673,118.4
268,276,14,11,21,15,291,274,25,28,126.7186253,122.3
279,285,18,16,20,24,299,268,12,11,130.5103827,123.2
272,277,10,10,22,36,253,295,19,24,125.0246376,121.8
264,284,17,14,37,24,283,262,18,10,124.419492,121.3
278,277,17,19,27,21,294,285,24,24,128.2070201,126.6
246,255,11,20,23,21,268,286,27,38,118.3311033,119.5
268,277,18,15,37,26,266,287,27,27,122.4661586,124.8
268,250,7,13,19,33,278,272,24,31,120.8281838,119.5
256,281,18,13,21,22,289,250,18,18,123.2576164,118.6
268,275,17,25,24,16,270,280,31,29,122.3823925,123.5
248,258,17,17,35,32,271,269,23,22,116.4575459,119.2
270,276,9,16,33,25,290,266,25,17,125.0376343,122.7
306,269,8,18,20,21,259,283,20,13,129.1727913,121.7
272,249,13,18,27,20,277,258,26,34,118.3927363,119.4
265,275,9,26,27,31,260,258,18,18,119.2527149,118.7
223,282,18,10,19,16,259,271,19,26,118.8310145,114.3
278,226,17,14,27,16,294,268,16,36,121.472466,119.2
277,232,11,13,29,26,276,283,30,25,120.6936618,120.2
252,240,23,23,11,26,287,234,18,27,114.4329061,114.1
258,243,15,13,19,26,285,277,16,20,121.7766809,117.2
246,276,14,9,33,24,284,252,16,15,121.0862915,116.9
248,242,16,15,18,15,269,286,21,15,120.3405584,114.5
271,251,9,18,19,29,282,262,29,23,120.5247278,119.3
277,258,28,12,39,27,270,284,13,24,122.0612961,123.2
264,247,16,27,23,17,285,281,16,16,122.9307122,119.2
244,233,21,14,25,24,281,256,16,18,115.1510313,113.2
244,238,19,16,32,26,261,290,20,20,116.4312673,116.6
233,226,12,18,19,43,264,257,22,22,109.6405035,111.6
231,228,22,19,27,24,277,272,13,21,114.1150297,113.4
238,235,7,18,17,20,273,279,23,11,118.442771,112.1
241,230,14,14,23,17,274,254,17,17,114.5167673,110.1
232,222,10,13,18,19,269,261,17,14,113.7833468,107.5
209,252,17,21,26,24,252,251,24,24,107.6215592,110
225,210,11,19,13,27,261,254,21,15,108.5791877,105.6
221,217,17,12,44,34,266,270,30,18,108.1068453,112.9
195,207,19,12,45,20,284,263,13,31,107.7807497,108.9
222,213,15,22,14,22,298,273,24,37,114.6123903,114
197,204,14,14,21,28,259,270,27,15,106.2717742,104.9
192,162,18,22,29,35,272,271,27,22,102.1616366,105
166,181,18,17,22,17,267,255,14,26,101.1237361,98.3
169,147,24,16,30,32,266,278,27,22,99.98344863,101.1
151,163,23,15,28,21,255,261,13,14,97.85008942,94.4
146,136,21,10,24,27,274,274,17,20,101.212104,94.9
132,141,15,22,33,39,293,301,16,25,107.0168678,101.7
110,109,7,16,18,12,269,273,19,18,99.95443962,85.1
142,127,16,26,19,26,279,238,14,17,95.66106836,90.4
103,137,14,14,26,23,265,255,14,21,95.30141657,87.2
97,115,23,26,14,17,255,285,15,13,98.49263932,86
100,107,29,22,19,19,264,258,12,22,93.69823904,85.2
107,102,10,25,16,12,263,277,15,15,99.21169286,84.2
103,101,20,18,27,27,259,289,12,18,98.83035971,87.4
76,89,28,12,40,23,270,271,24,25,95.22583683,85.8
90,76,16,28,23,18,270,260,14,19,95.16638062,81.4
69,101,10,20,26,16,274,281,13,13,101.5066993,82.3
71,55,21,19,21,10,283,267,21,27,99.37529874,79.5
59,63,13,8,21,18,254,265,14,21,94.68706353,73.6
54,65,12,15,27,29,275,256,14,47,94.65854425,79.4
95,69,18,20,23,30,251,258,14,18,90.91886493,79.6
48,63,26,27,16,31,273,273,26,25,96.93688668,80.8
72,57,19,20,20,22,263,247,12,24,91.55457389,75.6
59,44,26,26,21,22,258,247,23,25,89.45440179,75.1
42,37,17,23,20,29,247,242,10,25,88.0929055,69.2
61,53,18,20,15,34,271,262,20,28,95.26363419,78.2
51,52,33,25,21,23,246,265,19,17,91.01076859,75.2
62,59,22,13,22,23,257,263,13,28,93.32609496,76.2
46,46,27,11,22,25,235,245,17,10,86.62817094,68.4
51,33,14,18,23,27,258,251,36,21,91.20723656,73.2
27,41,18,30,25,21,250,268,28,14,93.74198632,72.2
30,28,22,21,25,16,244,230,17,17,86.1707607,65
31,27,27,24,21,22,273,260,11,31,97.09691035,72.7
34,44,15,18,30,16,274,266,18,31,98.11340377,74.6
33,41,28,18,18,18,250,246,19,21,89.69816052,69.2
32,46,27,18,24,15,252,270,26,12,94.9155414,72.2
37,44,18,17,15,25,260,238,21,22,90.19761638,69.7
48,25,18,19,19,30,260,257,25,22,93.46662506,72.3
15,28,17,16,13,21,243,228,12,32,86.77701309,62.5
24,39,14,20,27,18,243,270,27,38,92.75128031,72
35,21,24,25,20,20,245,258,17,24,91.45977258,68.9
28,31,22,27,24,14,271,262,19,34,96.8243771,73.2
20,24,32,24,20,14,227,270,27,13,91.36459927,67.1
26,27,31,30,16,13,243,234,25,18,86.30648875,66.3
25,34,30,15,15,13,270,237,21,22,93.15664228,68.2
21,42,24,26,23,22,230,258,33,26,87.17597146,70.5
40,14,14,12,16,16,243,244,24,30,89.48078006,65.3
48,44,31,16,16,11,232,261,19,48,88.16824825,72.6
21,29,29,11,30,18,260,232,15,28,89.78201379,67.3
28,27,22,16,17,18,243,235,12,33,87.17390665,65.1
22,28,10,12,11,15,244,237,18,40,88.83135708,63.7
23,18,22,33,19,13,229,239,25,35,84.45969453,65.6
29,33,14,33,18,12,224,234,29,21,82.48399845,64.7
25,22,24,15,18,8,250,252,31,18,92.53653333,66.3
18,39,24,17,7,13,234,248,25,25,88.42397865,65
20,28,21,19,8,3,220,219,13,11,81.93021421,56.2
22,29,24,16,18,14,216,246,38,19,83.92711123,64.2
23,31,16,17,21,16,216,195,24,26,73.78516111,58.5
34,27,22,25,11,19,212,226,21,26,78.61303963,62.3
15,27,20,21,19,13,215,223,28,15,79.85386653,59.6
26,15,30,26,11,15,221,204,20,24,76.9477745,59.2
30,25,18,12,13,15,216,211,20,15,78.18343814,57.5
14,27,15,16,11,11,217,202,20,20,77.30465704,55.3
15,28,18,15,26,21,211,194,34,11,72.99047883,57.3
14,19,11,11,24,6,199,187,26,16,71.1309356,51.3
20,29,18,20,7,11,178,194,10,17,68.14866103,50.4
7,22,16,16,15,25,178,157,33,29,59.46225694,49.8
20,10,10,6,9,19,169,171,36,17,62.17402995,46.7
20,20,16,19,24,7,152,174,22,32,57.71516265,48.6
28,13,26,13,13,17,180,166,22,26,61.62012658,50.4
30,33,17,16,26,13,168,169,27,24,58.40898903,52.3
15,20,7,13,19,15,162,127,32,19,51.75219802,42.9
22,34,18,9,11,16,142,147,22,32,50.1817696,45.3
18,26,10,16,19,16,144,150,30,17,51.48436656,44.6
16,18,23,24,12,18,117,160,20,13,49.28174104,42.1
25,18,15,11,12,22,131,118,21,20,42.9,39.3
21,20,23,14,21,12,133,118,27,22,42.52634478,41.1
12,17,17,19,18,19,148,118,20,11,47.11358615,39.9
16,26,14,12,19,23,125,96,15,14,38.03156584,36
21,30,17,18,10,17,129,125,20,21,43.36311797,40.8
14,18,21,12,12,10,114,94,26,18,35.62148228,33.9
31,24,19,15,14,22,110,111,23,18,36.19406029,38.7
18,23,15,14,21,10,88,113,10,17,34.48608415,32.9
34,14,23,28,16,35,108,85,7,10,31.97499023,36
28,28,17,11,15,15,108,96,15,16,34.07183588,34.9
28,26,24,20,9,17,81,72,13,27,23.23811524,31.7
23,30,25,20,10,16,71,85,28,24,23.26714422,33.2
30,29,21,17,25,20,81,72,26,24,21.42545215,34.5
23,17,23,23,10,20,59,69,23,14,18.56582883,28.1
21,20,13,20,14,19,62,52,12,13,16.66253282,24.6
26,23,18,15,16,18,73,75,23,14,22.25511177,30.1
29,22,24,10,21,20,78,57,14,6,21.23887944,28.1
23,17,21,27,13,16,80,70,9,11,23.82876413,28.7
17,17,16,20,20,8,58,51,21,13,15.7,24.1
21,15,26,28,15,8,83,61,8,16,23.342879,28.1
17,17,26,30,27,10,76,47,21,12,18.8257802,28.3
12,25,28,20,13,20,59,59,17,19,16.53964933,27.2
18,21,17,21,15,17,66,53,21,10,17.34041522,25.9
22,22,16,15,18,31,41,76,27,13,17.8686877,28.1
16,16,22,24,20,14,63,47,13,15,15.77973384,25
10,12,23,29,12,19,50,58,14,15,15.96120296,24.2
24,19,30,24,25,21,52,44,12,13,12.09297317,26.4
24,25,16,25,14,23,42,61,10,16,14.47204201,25.6
22,29,22,33,20,21,35,49,15,12,10.38075142,25.8
16,12,34,25,15,26,38,34,16,10,9.645724441,22.6
8,19,33,17,14,11,49,53,11,9,15.85685971,22.4
23,18,23,14,11,25,54,37,15,15,12.39556372,23.5
20,20,26,20,14,17,42,43,13,25,10.03992032,24
32,30,22,14,20,25,40,24,23,23,6.79779376,25.3
27,19,17,27,8,32,39,36,20,15,9.37016542,24
17,20,30,19,10,17,37,37,9,18,9.49947367,21.4
25,16,28,15,8,15,37,23,22,32,8.371977066,22.1
14,33,16,11,20,19,36,38,31,22,9.208691547,24
10,8,19,20,21,14,30,20,18,21,5.923681288,18.1
15,17,11,14,13,23,42,29,20,23,8.820997676,20.7
9,20,20,30,19,23,28,30,5,21,7.864477096,20.5
19,22,20,22,14,20,28,30,12,13,5.674504384,20
15,21,34,20,20,17,44,21,23,16,8.584287973,23.1
13,19,20,14,21,9,17,21,15,17,3.693237063,16.6
22,16,26,20,8,12,27,25,12,16,6.264183905,18.4
22,14,14,17,20,19,36,26,24,21,6.148983656,21.3
21,23,17,21,28,12,12,37,15,13,7.582216035,19.9
22,17,27,16,22,12,23,38,17,26,6.957010852,22
21,15,19,27,16,9,13,19,13,15,4.775981575,16.7
22,18,20,16,9,23,18,25,16,12,4.678675026,17.9
22,15,15,25,11,15,27,28,7,18,6.649060084,18.3
24,40,18,24,11,17,21,26,17,20,7.345747069,21.8
32,38,24,19,25,16,26,25,9,15,8.055432949,22.9
19,11,13,17,14,13,14,24,9,25,5.048762225,15.9
6,22,22,13,8,16,30,12,26,10,7.684399781,16.5
22,24,22,20,17,22,15,22,19,15,3.02654919,19.8
22,18,11,19,6,13,20,25,17,16,5.254521862,16.7
18,29,14,19,14,9,28,12,14,15,6.241794614,17.2
18,8,10,19,20,19,36,12,17,33,8.611620057,19.2
26,21,23,21,22,23,23,28,14,19,3.605551275,22
14,17,25,17,15,20,29,21,7,14,5.889821729,17.9
23,16,30,19,20,21,23,16,14,21,4.337049688,20.3
14,21,20,15,15,13,27,20,16,24,4.410215414,18.5
16,9,17,13,11,14,8,8,21,13,4,13
26,27,25,18,16,12,17,14,14,12,5.503635162,18.1
10,14,12,14,4,38,26,24,12,15,9.278469701,16.9
16,20,18,19,19,18,40,26,14,4,8.662563131,19.4
17,21,17,16,12,21,22,17,19,20,2.856571371,18.2
12,28,19,14,11,10,8,23,13,21,6.17170965,15.9
11,18,18,17,18,20,9,30,31,19,6.609841148,19.1
29,14,13,18,22,11,22,15,11,18,5.441507144,17.3
11,20,16,15,8,21,27,23,25,14,5.882176468,18
21,12,8,21,13,8,25,18,11,16,5.550675635,15.3
10,15,21,21,12,20,16,37,23,16,7.161703708,19.1
15,13,22,16,11,23,21,19,9,13,4.6,16.2
7,29,17,20,15,14,38,28,12,11,9.191844211,19.1
14,14,24,15,16,16,21,18,14,24,3.8,17.6
17,11,15,17,10,29,25,22,13,12,6.024118193,17.1
13,8,15,15,17,20,23,12,17,14,3.979949748,15.4
9,19,16,23,12,18,40,26,10,8,9.267685795,18.1
8,14,9,19,14,16,20,24,10,14,4.85386444,14.8
14,23,13,13,5,16,29,18,22,20,6.32534584,17.3
15,34,20,13,16,16,29,20,14,15,6.615134163,19.2
18,14,7,17,19,11,14,26,9,9,5.480875842,14.4
11,18,17,18,12,12,17,23,7,12,4.428317965,14.7
19,9,9,7,17,25,25,17,14,16,5.963220606,15.8
18,29,18,19,11,14,14,17,15,10,5.044799302,16.5
19,18,8,12,18,8,40,22,10,15,8.94427191,17
30,16,10,20,22,11,26,24,8,14,7.049113419,18.1
10,7,16,10,13,14,24,22,8,9,5.532630477,13.3
3,9,14,10,7,18,19,25,10,20,6.5,13.5
11,11,12,13,10,15,16,22,20,14,3.773592453,14.4
17,23,17,8,11,22,19,9,4,15,5.970762095,14.5
18,27,17,21,12,23,32,25,24,9,6.6,20.8
10,10,9,21,15,16,23,24,14,17,5.146843693,15.9
9,21,16,18,26,20,28,31,19,21,5.974110812,20.9
20,17,12,13,26,14,26,28,20,7,6.588626564,18.3
18,20,12,13,18,28,32,23,13,18,6.232976817,19.5
16,12,14,13,18,15,6,35,16,16,7.034912935,16.1
20,5,10,14,28,19,14,17,8,13,6.273754857,14.8
11,9,16,15,21,15,25,24,24,13,5.496362433,17.3
23,14,9,13,14,29,20,30,21,11,6.988562084,18.4
11,24,14,19,17,30,23,13,19,10,6.016643583,18
13,16,13,13,14,34,27,17,9,17,7.142128534,17.3
19,14,11,19,18,27,17,26,12,18,4.988987873,18.1
14,22,19,22,19,18,25,20,24,12,3.905124838,19.5
15,14,28,28,14,21,18,20,10,12,5.949789912,18
10,14,21,12,16,19,19,31,7,21,6.480740698,17
15,19,8,13,17,21,17,20,16,22,3.944616585,16.8
16,21,16,17,13,14,17,12,8,24,4.284857057,15.8
16,21,21,9,14,22,15,28,12,11,5.629387178,16.9
21,13,22,15,21,18,25,14,15,13,4.075536774,17.7
12,21,11,15,9,14,14,18,13,16,3.287856445,14.3
7,33,16,19,11,18,25,20,14,18,6.847627326,18.1
19,9,16,16,36,17,19,14,11,11,7.180529228,16.8
28,10,12,20,21,21,24,15,13,13,5.622277119,17.7
14,18,18,17,25,17,22,30,12,17,5.039841267,19
7,18,16,12,12,12,16,19,24,15,4.459820624,15.1
21,21,19,12,16,10,23,21,11,19,4.495553359,17.3
19,21,9,16,16,16,12,20,14,13,3.555277767,15.6
18,15,18,11,16,19,21,20,18,15,2.773084925,17.1
32,15,14,14,36,10,17,30,12,21,8.780091116,20.1
10,16,19,9,24,20,31,16,19,16,6.066300355,18
19,20,18,8,25,19,15,9,11,10,5.388877434,15.4
23,18,4,13,11,12,16,22,8,12,5.647123161,13.9
19,16,15,18,19,11,14,16,11,19,2.925747768,15.8
25,15,25,12,18,14,7,28,15,14,6.32534584,17.3
23,28,21,14,11,25,21,12,11,15,5.923681288,18.1
7,23,15,11,15,9,22,24,5,17,6.431174076,14.8
21,10,11,5,15,15,30,30,29,10,8.83402513,17.6
14,14,13,14,7,12,17,27,9,15,5.075431016,14.2
11,15,10,10,12,14,13,15,24,8,4.214261501,13.2
17,19,15,16,18,6,28,15,12,5,6.236184731,15.1
23,13,18,12,17,8,12,22,15,17,4.428317965,15.7
20,18,12,18,15,15,17,29,9,8,5.7,16.1
15,13,19,12,8,14,13,24,11,11,4.312771731,14
23,21,16,6,10,38,20,38,12,15,10.29028668,19.9
17,15,12,13,10,15,17,18,15,8,3.065941943,14
21,21,18,12,18,11,16,20,15,10,3.893584467,16.2
16,17,8,15,14,10,16,27,9,11,5.216320542,14.3
21,21,28,10,8,11,6,15,8,19,6.9,14.7
20,10,13,10,8,14,32,28,7,8,8.366600265,15
20,14,10,19,10,13,24,12,19,15,4.45421149,15.6
13,14,16,7,11,13,12,27,13,7,5.31130869,13.3
15,12,13,17,14,10,10,4,10,25,5.234500931,13
19,30,18,8,1,14,15,17,18,13,7.156116265,15.3
16,17,22,14,15,8,11,17,16,21,3.950949253,15.7
20,23,13,7,12,9,19,16,7,12,5.268775949,13.8
15,14,14,10,8,11,27,18,13,20,5.234500931,15
13,19,18,9,10,10,18,16,23,15,4.346262762,15.1
18,15,13,13,14,14,12,8,11,13,2.467792536,13.1
9,9,12,8,14,16,7,20,8,17,4.289522118,12
7,25,15,16,14,5,4,12,16,17,6.040695324,13.1
14,13,14,7,6,3,14,19,9,14,4.605431576,11.3
18,13,17,12,10,8,8,5,18,8,4.450842617,11.7
10,7,6,9,9,14,15,14,13,13,3.033150178,11
15,11,22,7,7,13,22,17,14,14,4.955804677,14.2
17,10,16,17,7,8,23,16,18,19,4.867237409,15.1
18,18,5,22,8,7,23,16,10,9,6.216108107,13.6
17,11,8,17,2,8,15,12,13,10,4.3829214,11.3
13,12,12,7,16,9,17,8,11,20,3.930648801,12.5
6,4,11,23,22,10,10,10,8,11,5.903388857,11.5
9,7,19,13,15,8,10,19,20,13,4.583666655,13.3
12,17,21,11,8,13,13,17,12,8,3.893584467,13.2
11,12,8,7,10,9,21,8,10,11,3.742993454,10.7
17,12,9,12,13,11,9,5,11,12,2.947880595,11.1
16,8,12,14,19,5,13,10,11,12,3.741657387,12
8,21,17,9,14,18,22,8,20,12,5.166236541,14.9
13,11,19,20,15,11,10,9,8,16,3.944616585,13.2
7,19,17,12,17,21,6,7,12,11,5.088221693,12.9
16,14,7,9,12,12,17,15,16,8,3.411744422,12.6
9,17,18,13,11,20,10,5,12,4,5.028916384,11.9
15,9,15,18,14,9,17,13,8,17,3.471310992,13.5
11,11,16,13,13,21,5,20,19,10,4.805205511,13.9
7,3,12,7,16,11,8,14,19,11,4.512205669,10.8
16,20,10,10,10,13,10,15,7,12,3.606937759,12.3
16,13,20,10,8,12,10,13,16,13,3.330165161,13.1
8,10,13,14,8,9,15,8,8,3,3.382306905,9.6
10,17,13,14,16,18,13,13,16,8,2.959729717,13.8
12,19,14,15,16,16,6,10,15,14,3.436568055,13.7
13,7,10,11,10,12,15,5,11,15,3.014962686,10.9
18,17,10,16,16,16,4,8,28,9,6.4,14.2
15,8,7,7,10,11,15,18,6,8,3.930648801,10.5
15,6,15,8,8,15,7,13,5,8,3.820994635,10
7,12,19,19,8,19,10,17,9,19,4.887739764,13.9
15,12,14,12,16,21,9,11,6,13,3.858756276,12.9
17,26,16,8,15,11,12,21,14,14,4.862098312,15.4
14,10,12,14,24,5,17,17,11,10,4.903060269,13.4
11,12,12,22,24,18,21,13,9,9,5.337602458,15.1
15,13,6,16,25,5,10,10,14,19,5.692978131,13.3
17,19,10,3,24,13,15,11,8,8,5.827520914,12.8
19,11,8,7,16,19,16,19,7,6,5.249761899,12.8
12,18,15,12,17,12,8,12,17,9,3.249615362,13.2
21,15,5,9,19,15,30,19,7,6,7.565712128,14.6
16,15,10,14,16,20,11,17,20,9,3.655133376,14.8
13,10,10,10,12,15,21,13,1,10,4.759201614,11.5
12,17,10,11,13,5,21,7,11,21,5.114684741,12.8
9,18,20,11,16,21,12,15,13,13,3.736308338,14.8
16,18,10,8,10,12,23,11,6,10,4.862098312,12.4
18,8,13,19,12,8,15,19,11,12,3.930648801,13.5
13,8,13,27,11,18,6,15,11,10,5.617828762,13.2
15,9,29,13,8,19,11,14,20,11,5.99082632,14.9
11,12,15,15,10,13,19,15,18,8,3.292415527,13.6
13,11,14,14,18,17,20,12,11,20,3.31662479,15
9,9,8,8,17,30,17,26,8,12,7.605261337,14.4
13,12,12,17,13,26,12,27,17,14,5.404627647,16.3
15,9,11,17,13,11,11,20,7,14,3.655133376,12.8
18,6,12,12,17,9,19,18,9,15,4.318564576,13.5
14,7,5,16,18,9,30,27,10,12,7.833262411,14.8
8,16,9,3,15,9,13,16,11,8,3.994996871,10.8
14,17,9,12,13,11,9,17,14,11,2.722131518,12.7
19,14,20,14,18,19,14,28,18,10,4.630334761,17.4
7,13,12,18,7,15,19,13,12,8,4.004996879,12.4
8,20,17,11,21,14,18,21,13,17,4.171330723,16
15,15,19,11,7,12,15,9,11,13,3.287856445,12.7
12,7,11,6,4,8,14,19,7,16,4.586937976,10.4
17,16,11,15,13,8,21,11,11,23,4.521061822,14.6
5,9,8,12,7,19,16,22,9,26,6.72383819,13.3
12,10,26,11,11,13,25,20,8,16,6.046486583,15.2
10,16,13,14,12,16,34,21,9,12,6.914477565,15.7
20,8,6,9,12,10,35,19,14,8,8.263776376,14.1
23,14,10,12,6,9,12,20,6,12,5.21919534,12.4
17,15,9,20,5,12,24,21,12,12,5.550675635,14.7
8,6,11,13,15,4,11,16,11,20,4.544227107,11.5
18,11,13,23,11,6,8,12,18,8,5.075431016,12.8
5,13,14,11,9,18,24,20,11,15,5.272570531,14
19,10,9,11,10,10,18,7,10,6,4.024922359,11
14,14,9,12,11,5,20,32,12,5,7.485986909,13.4
16,9,13,9,13,8,19,7,5,6,4.341658669,10.5
9,15,11,9,13,13,9,20,8,14,3.505709629,12.1
12,19,14,17,4,9,22,6,26,9,6.779380503,13.8
19,26,26,18,11,21,19,13,7,16,5.8,17.6
13,11,14,8,15,19,20,16,21,10,4.148493703,14.7
18,10,9,12,14,7,19,19,11,12,4.060788101,13.1
10,10,13,13,15,14,22,13,12,14,3.2,13.6
16,10,12,8,17,15,11,18,10,6,3.822302971,12.3
13,16,11,13,15,16,16,24,6,13,4.337049688,14.3
14,7,7,11,15,18,15,23,20,9,5.166236541,13.9
8,20,12,17,5,16,12,18,16,19,4.670117772,14.3
11,7,12,6,23,16,11,15,10,9,4.711687596,12
9,5,5,5,8,17,10,13,11,12,3.748332963,9.5
17,20,17,14,20,12,13,17,5,6,4.988987873,14.1
12,7,12,17,11,6,20,26,9,12,5.844655678,13.2
15,13,15,17,23,12,19,25,7,8,5.553377351,15.4
15,14,7,17,11,9,13,13,5,6,3.872983346,11
18,16,8,15,12,9,18,11,9,9,3.721558813,12.5
16,7,10,14,10,16,21,17,15,6,4.53431362,13.2
6,10,15,11,18,11,19,14,5,13,4.354308211,12.2
11,14,18,12,25,7,33,20,10,13,7.483982897,16.3
15,12,14,5,12,9,15,25,4,18,5.838664231,12.9
18,19,8,16,8,13,20,20,5,15,5.211525688,14.2
17,13,13,10,13,11,22,13,17,9,3.682390528,13.8
19,22,12,11,5,20,24,17,9,17,5.8,15.6
11,13,4,10,12,10,21,12,11,5,4.392038251,10.9
16,16,20,9,7,10,14,15,10,1,5.211525688,11.8
9,23,17,16,6,15,29,16,25,7,7.28079666,16.3
10,16,18,13,14,11,18,20,8,16,3.693237063,14.4
10,11,7,13,10,16,17,31,10,7,6.720119047,13.2
15,11,13,14,8,10,13,14,12,14,2.059126028,12.4
24,10,9,15,5,8,18,19,24,17,6.331666447,14.9
8,12,20,13,10,6,20,17,18,15,4.678675026,13.9
10,14,16,9,5,10,18,16,6,12,4.152107898,11.6
10,8,10,9,14,16,15,11,13,4,3.435112807,11
16,8,13,11,11,9,5,36,10,13,8.121576202,13.2
4,11,15,9,11,11,14,13,11,6,3.232645975,10.5
13,25,15,17,15,9,19,28,10,11,5.963220606,16.2
8,16,17,22,14,12,26,11,2,13,6.441273166,14.1
7,7,13,14,7,6,20,17,5,9,4.904079934,10.5
19,17,10,14,6,18,18,17,10,19,4.354308211,14.8
11,19,5,14,7,11,15,21,9,7,5.028916384,11.9
11,12,14,12,3,5,17,19,16,5,5.2,11.4
10,11,9,21,6,7,14,33,16,4,8.178630692,13.1
14,14,11,29,14,5,20,14,8,4,6.943342135,13.3
19,15,9,13,9,10,12,20,4,13,4.565084884,12.4
16,13,11,11,5,12,15,19,8,9,3.88458492,11.9
20,23,13,19,8,7,10,15,10,13,5.114684741,13.8
12,11,4,16,5,8,13,20,7,9,4.716990566,10.5
15,18,9,14,7,8,8,16,13,5,4.196427052,11.3
11,24,9,3,6,5,18,13,9,4,6.305553108,10.2
22,10,10,6,6,5,20,23,9,9,6.57267069,12
14,26,16,8,4,11,26,15,7,5,7.493997598,13.2
14,7,5,12,4,7,22,11,7,11,5.039841267,10
19,12,5,12,12,13,21,10,10,9,4.428317965,12.3
9,13,9,14,15,16,18,16,9,6,3.774917218,12.5
17,11,15,6,10,17,20,22,14,10,4.728636167,14.2
20,1,8,16,18,9,11,15,11,5,5.642694392,11.4
8,4,7,18,8,9,17,26,13,6,6.499230724,11.6
12,13,11,10,7,2,20,16,8,20,5.393514624,11.9
14,17,11,6,7,4,22,19,3,21,6.814690015,12.4
8,7,8,11,20,7,14,20,7,7,5.028916384,10.9
9,12,16,8,11,6,24,20,6,11,5.675385449,12.3
