x,Average Energy Unrestricted,std
1,0.3123269,0.01758044
2,0.310127,0.022074872
3,0.3138822,0.018509787
4,0.3089621,0.033435106
5,0.3125189,0.032637255
6,0.3179209,0.025954961
7,0.3148938,0.036123555
8,0.3222529,0.028875494
9,0.3215492,0.032795264
10,0.3307552,0.033322608
11,0.3267693,0.03560492
12,0.3343213,0.030022914
13,0.3345364,0.037289175
14,0.3447888,0.040595326
15,0.3456324,0.03654883
16,0.3537112,0.037342835
17,0.3435093,0.041227139
18,0.3544946,0.049604174
19,0.3568063,0.046804386
20,0.3621421,0.055783099
21,0.369354,0.068010337
22,0.3719785,0.049746859
23,0.3629976,0.061674368
24,0.3726424,0.067663567
25,0.3838094,0.075867765
26,0.3825709,0.071793513
27,0.385007,0.074945494
28,0.3847151,0.084524477
29,0.3858095,0.084793836
30,0.3978286,0.089784501
31,0.3888637,0.085065121
32,0.3883107,0.086116792
33,0.3894351,0.089348927
34,0.4046435,0.112182722
35,0.3914738,0.111395133
36,0.4046104,0.108897743
37,0.4184995,0.117616226
38,0.4184327,0.126503886
39,0.4209419,0.117085349
40,0.4211828,0.12017968
41,0.4171644,0.118247727
42,0.4251847,0.126790239
43,0.416693,0.111583614
44,0.4266609,0.125186682
45,0.4329732,0.120213946
46,0.4279454,0.130133174
47,0.4183011,0.12516585
48,0.4348824,0.13958318
49,0.4307311,0.137484033
50,0.4331958,0.13472564
51,0.4277098,0.136062586
52,0.4404511,0.142465203
53,0.4520677,0.155619567
54,0.4404296,0.143563261
55,0.4410529,0.165700927
56,0.4484411,0.155977234
57,0.4575544,0.170336951
58,0.460017,0.175004774
59,0.4599093,0.158996842
60,0.4620501,0.168395754
61,0.4666924,0.181199698
62,0.4746937,0.19452579
63,0.4860939,0.200968048
64,0.4891801,0.190732109
65,0.4934184,0.202152225
66,0.5018475,0.223557601
67,0.5065236,0.226792729
68,0.5186771,0.248609393
69,0.5311942,0.25487354
70,0.5503153,0.255759247
71,0.5463292,0.273330155
72,0.5526625,0.267426984
73,0.5643074,0.27228256
74,0.5742699,0.282355046
75,0.5762262,0.292359798
76,0.5884782,0.302360232
77,0.6029923,0.30575163
78,0.6078305,0.304276037
79,0.6221887,0.338388799
80,0.6309501,0.338131867
81,0.643688,0.322393538
82,0.6504588,0.347384706
83,0.679733,0.340511139
84,0.6709905,0.351613306
85,0.6819713,0.327519182
86,0.6916474,0.339496231
87,0.7195554,0.358388262
88,0.7222295,0.385337453
89,0.7520979,0.375937461
90,0.7633645,0.39546097
91,0.7724347,0.387998525
92,0.8131386,0.407964598
93,0.8164078,0.416448632
94,0.8632458,0.451165627
95,0.8594148,0.447734992
96,0.882882,0.466707822
97,0.9036811,0.493870517
98,0.925771,0.505488901
99,0.9453171,0.511176647
100,0.9668517,0.527877919
101,1.0024382,0.558357925
102,1.0229229,0.571593353
103,1.0476902,0.573889355
104,1.0909399,0.619297641
105,1.1203466,0.638690091
106,1.1503099,0.644152228
107,1.1897278,0.691582238
108,1.2224467,0.699040666
109,1.2553709,0.731603726
110,1.3115758,0.76456085
111,1.3582172,0.796438251
112,1.3862614,0.83740216
113,1.4090922,0.85935598
114,1.4427432,0.862237676
115,1.5161379,0.890842555
116,1.5553094,0.913940891
117,1.5874692,0.9446684
118,1.6120076,0.955333232
119,1.658243,0.976200709
120,1.7233685,1.009625382
121,1.7253038,0.973232853
122,1.7480086,0.99357379
123,1.7947784,1.031263308
124,1.8365077,1.033947837
125,1.8579396,1.042449001
126,1.8982975,1.051807535
127,1.9240783,1.060026937
128,1.9488537,1.033999003
129,1.9947138,1.079826867
130,2.0388869,1.085922981
131,2.0982744,1.082923395
132,2.1545438,1.106754832
133,2.1740576,1.086780307
134,2.2301623,1.142010325
135,2.2740336,1.145393163
136,2.2805454,1.146360967
137,2.3354091,1.172610414
138,2.3836483,1.200116041
139,2.4051415,1.194698439
140,2.4172013,1.198769564
141,2.4575359,1.218072874
142,2.5407131,1.259211769
143,2.5362629,1.230680819
144,2.6025762,1.26408932
145,2.6324388,1.280787379
146,2.6805413,1.295361681
147,2.7241092,1.312089604
148,2.7518472,1.323203891
149,2.8009319,1.334527364
150,2.8353021,1.319205882
151,2.8554652,1.314078275
152,2.9179265,1.350106007
153,2.9045714,1.311502769
154,3.0211537,1.377337924
155,3.0250946,1.380650489
156,3.0821347,1.397645366
157,3.098915,1.384000639
158,3.1779356,1.443911368
159,3.1787535,1.427136476
160,3.2674256,1.478310114
161,3.3282816,1.512872864
162,3.3637349,1.551125177
163,3.4201924,1.55167684
164,3.4680184,1.576243492
165,3.4619315,1.576770944
166,3.5640544,1.646331549
167,3.607785,1.660242625
168,3.6228459,1.642490943
169,3.677347,1.713164946
170,3.6905657,1.720135401
171,3.7443661,1.751136361
172,3.7627374,1.729246546
173,3.7975451,1.75009224
174,3.87325,1.757806657
175,3.926808,1.755715753
176,3.908675,1.742271006
177,3.941609,1.721472143
178,4.0048638,1.76455754
179,4.00549,1.762269419
180,4.04523,1.755753379
181,4.048413,1.714695626
182,4.07999,1.778864869
183,4.124672,1.796981039
184,4.174481,1.790426212
185,4.207508,1.812712904
186,4.24873,1.834540221
187,4.260004,1.844056586
188,4.258287,1.835069663
189,4.356032,1.89074147
190,4.337007,1.889748514
191,4.419989,1.922711375
192,4.435383,1.944239958
193,4.470088,1.99630861
194,4.509172,1.979939264
195,4.550687,2.029041903
196,4.528175,2.000531033
197,4.595775,2.012132877
198,4.58881,2.019049975
199,4.640194,2.084998466
200,4.70064,2.079454731
201,4.684348,2.083347172
202,4.71866,2.100511284
203,4.751475,2.137987182
204,4.776792,2.136848745
205,4.773781,2.138476901
206,4.785471,2.166046223
207,4.816231,2.191095978
208,4.830031,2.192152451
209,4.825478,2.166108485
210,4.826022,2.191652314
211,4.816824,2.256415236
212,4.839938,2.223022348
213,4.849434,2.234577965
214,4.859756,2.247442843
215,4.819898,2.243426014
216,4.900537,2.274735813
217,4.870615,2.23266117
218,4.859555,2.277975049
219,4.877759,2.277851112
220,4.848721,2.284226657
221,4.856059,2.30623709
222,4.846271,2.312248807
223,4.944538,2.317711027
224,4.910753,2.281705648
225,4.907201,2.330761762
226,4.9621,2.32155097
227,4.971453,2.347407029
228,4.921721,2.299678826
229,4.925939,2.318668237
230,4.885558,2.290294357
231,4.897835,2.240342992
232,4.874578,2.264512117
233,4.8582,2.237702523
234,4.866475,2.235120314
235,4.836177,2.20488999
236,4.866678,2.235201785
237,4.844612,2.221265302
238,4.850449,2.209414766
239,4.855721,2.196691086
240,4.777627,2.15700218
241,4.784062,2.179903682
242,4.782543,2.161173166
243,4.761689,2.137830304
244,4.7385,2.135963919
245,4.743686,2.139921971
246,4.748219,2.165572832
247,4.704321,2.141985204
248,4.717674,2.157095031
249,4.668635,2.113801738
250,4.652622,2.079086204
251,4.629391,2.12252364
252,4.620768,2.093336372
253,4.675257,2.082284645
254,4.60294,2.073885669
255,4.62128,2.078911729
256,4.608826,2.085091849
257,4.61792,2.05759125
258,4.591051,2.04776486
259,4.61764,2.083532695
260,4.605984,2.085830181
261,4.591482,2.09077043
262,4.576072,2.057134286
263,4.588883,2.032207108
264,4.575156,2.049089994
265,4.587255,2.027755669
266,4.550318,1.998851045
267,4.569513,2.030759224
268,4.601754,2.022943169
269,4.589263,1.99948024
270,4.603126,2.027052145
271,4.578877,2.013087435
272,4.563637,1.998941969
273,4.587122,1.976341214
274,4.525774,1.933971854
275,4.543324,1.91551202
276,4.528388,1.895797749
277,4.547962,1.878319741
278,4.513828,1.857659391
279,4.528628,1.838259684
280,4.509831,1.797716209
281,4.509562,1.792057528
282,4.484868,1.734383929
283,4.472277,1.729452648
284,4.486692,1.72651064
285,4.504595,1.692065734
286,4.491379,1.679266479
287,4.487871,1.659224004
288,4.4631,1.64518387
289,4.445574,1.639468519
290,4.471921,1.61458721
291,4.460324,1.61091224
292,4.454523,1.596327066
293,4.434292,1.589279021
294,4.4665,1.568925902
295,4.459488,1.561703371
296,4.451096,1.521263919
297,4.467361,1.520012785
298,4.439775,1.479431739
299,4.446665,1.460184979
300,4.443622,1.417975505
301,4.430448,1.4251839
302,4.401935,1.408834493
303,4.423904,1.354005985
304,4.459991,1.353673802
305,4.435078,1.302123313
306,4.449264,1.269030384
307,4.464579,1.258360043
308,4.428043,1.224208308
309,4.393173,1.200661342
310,4.403821,1.170979678
311,4.409233,1.127761665
312,4.382996,1.113687118
313,4.387713,1.079393508
314,4.374266,1.082178845
315,4.402846,1.026434573
316,4.362595,1.011861193
317,4.361798,0.985445864
318,4.392708,0.978706878
319,4.390286,0.923533266
320,4.413038,0.921312527
321,4.386122,0.905168135
322,4.400192,0.906057573
323,4.390864,0.87490783
324,4.359653,0.882002188
325,4.380703,0.85799522
326,4.405334,0.804208838
327,4.411187,0.804579876
328,4.424667,0.773266017
329,4.378288,0.74943174
330,4.386504,0.768962539
331,4.413724,0.757939052
332,4.420663,0.698590185
333,4.406381,0.704078731
334,4.411431,0.700267579
335,4.392285,0.662905797
336,4.388135,0.683027925
337,4.390339,0.651733801
338,4.378165,0.639325248
339,4.4119,0.616937824
340,4.410697,0.603490296
341,4.403672,0.601271538
342,4.405462,0.629874027
343,4.404557,0.59984358
344,4.420833,0.645247567
345,4.404902,0.615376493
346,4.428259,0.638429956
347,4.416474,0.671329135
348,4.418192,0.64827116
349,4.41395,0.705900911
350,4.434412,0.71570457
351,4.430789,0.678198095
352,4.430614,0.695110528
353,4.450748,0.683849492
354,4.456559,0.718500375
355,4.428338,0.700087916
356,4.463147,0.740350525
357,4.461322,0.764149905
358,4.463654,0.77372093
359,4.472137,0.748973785
360,4.472208,0.80940383
361,4.466704,0.774959548
362,4.486401,0.77514518
363,4.508773,0.734878637
364,4.514617,0.741202888
365,4.505227,0.729260354
366,4.501615,0.706468658
367,4.5217,0.668786789
368,4.522409,0.715439641
369,4.522038,0.70614184
370,4.513045,0.706007343
371,4.507417,0.67686577
372,4.49409,0.644616501
373,4.516944,0.647666496
374,4.494776,0.621313895
375,4.485505,0.592306219
376,4.456123,0.575353261
377,4.45165,0.580359422
378,4.431329,0.522091324
379,4.418465,0.531856799
380,4.431397,0.529976517
381,4.426165,0.484464657
382,4.422158,0.473048233
383,4.418247,0.437551611
384,4.387565,0.43607192
385,4.395426,0.431131251
386,4.380177,0.435321078
387,4.37617,0.420261635
388,4.379998,0.358724904
389,4.361301,0.377373473
390,4.368366,0.364144919
391,4.357142,0.349505099
392,4.354634,0.351493351
393,4.333441,0.35039596
394,4.3442,0.385555603
395,4.319724,0.338636907
396,4.331729,0.315152527
397,4.349283,0.333911903
398,4.344661,0.346458378
399,4.325821,0.352394214
400,4.318693,0.328702247
401,4.318236,0.35302657
402,4.326257,0.372485611
403,4.306114,0.364757849
404,4.322389,0.353082105
405,4.297366,0.384369096
406,4.306008,0.400687597
407,4.305722,0.389030025
408,4.324975,0.404546654
409,4.301007,0.434921325
410,4.311639,0.409076851
411,4.294072,0.400198582
412,4.332852,0.406402032
413,4.331697,0.376915822
414,4.304069,0.423693513
415,4.317911,0.430511976
416,4.315141,0.422596541
417,4.320935,0.439166287
418,4.308518,0.490405746
419,4.302844,0.455927572
420,4.304712,0.456794138
421,4.318032,0.482595452
422,4.306514,0.444544638
423,4.248062,0.442930031
424,4.256529,0.457795941
425,4.261276,0.461357274
426,4.260433,0.46619839
427,4.23625,0.47176798
428,4.240691,0.47523168
429,4.21024,0.456412369
430,4.224623,0.489192465
431,4.219053,0.470700952
432,4.191091,0.44806798
433,4.172674,0.47057528
434,4.176632,0.471051267
435,4.174957,0.484282451
436,4.1765,0.513718578
437,4.155412,0.499223257
438,4.180284,0.510422981
439,4.1681,0.508998155
440,4.188585,0.546423307
441,4.160655,0.535022579
442,4.175406,0.544076009
443,4.158742,0.5536564
444,4.142357,0.545041953
445,4.167616,0.517679517
446,4.135715,0.523887887
447,4.134616,0.518154984
448,4.149338,0.502371478
449,4.121594,0.522881984
450,4.111957,0.5116691
451,4.102946,0.513240707
452,4.097896,0.496648944
453,4.086976,0.522323256
454,4.075204,0.507567295
455,4.040465,0.514869454
456,4.040973,0.513647895
457,4.063411,0.509267451
458,4.041495,0.501005136
459,3.998136,0.472846321
460,4.032048,0.469030066
461,4.01191,0.430790951
462,3.995364,0.471477232
463,3.998193,0.44524346
464,3.985642,0.422530518
465,3.98721,0.421105031
466,3.977803,0.438303913
467,3.964588,0.414246326
468,3.975436,0.422763324
469,3.955916,0.403325627
470,3.955047,0.380124362
471,3.920033,0.394956277
472,3.911018,0.353520517
473,3.930336,0.365480093
474,3.89446,0.350988324
475,3.907857,0.344088482
476,3.885249,0.324456805
477,3.872245,0.33880054
478,3.869209,0.320806275
479,3.868355,0.323858468
480,3.835023,0.320302562
481,3.843158,0.312177997
482,3.810634,0.304027357
483,3.815866,0.298925847
484,3.817565,0.313125092
485,3.799522,0.280821349
486,3.783599,0.266158974
487,3.771253,0.292328145
488,3.782933,0.282077026
489,3.770354,0.29247069
490,3.775775,0.282059464
491,3.769266,0.288447328
492,3.738295,0.274886859
493,3.771398,0.2878509
494,3.755782,0.290712551
495,3.737933,0.237997695
496,3.721757,0.268544436
497,3.725344,0.255612034
498,3.70331,0.260534339
499,3.714813,0.270322242
500,3.722089,0.26482599
501,3.686322,0.234036992
502,3.688534,0.234172488
503,3.655908,0.235199037
504,3.653732,0.246686224
505,3.657092,0.24290994
506,3.661527,0.259280655
507,3.642293,0.279004949
508,3.637802,0.266809757
509,3.621413,0.277460602
510,3.637158,0.269127038
511,3.6274,0.243737997
512,3.578493,0.248013178
513,3.57349,0.261734159
514,3.54775,0.24545098
515,3.57294,0.245646332
516,3.52855,0.23762299
517,3.555529,0.234490105
518,3.522897,0.237220743
519,3.551467,0.255719721
520,3.522022,0.265669046
521,3.507932,0.265753387
522,3.500564,0.288436695
523,3.511305,0.293779746
524,3.491487,0.278184355
525,3.475267,0.281925628
526,3.467798,0.292972946
527,3.447112,0.294922096
528,3.446646,0.302839923
529,3.427097,0.27556057
530,3.433667,0.28506648
531,3.421491,0.276862593
532,3.417299,0.273581366
533,3.405867,0.284745782
534,3.40092,0.273481666
535,3.396286,0.273252373
536,3.402097,0.262355067
537,3.394283,0.288741529
538,3.37775,0.267341702
539,3.355675,0.263222762
540,3.367981,0.270735115
541,3.362006,0.274162878
542,3.346025,0.272453356
543,3.338963,0.280532333
544,3.34653,0.262397142
545,3.333317,0.288738764
546,3.304265,0.332794533
547,3.318191,0.298077056
548,3.297385,0.311456989
549,3.301389,0.328883098
550,3.276319,0.327702858
551,3.295829,0.32063374
552,3.280443,0.315613438
553,3.276133,0.325756275
554,3.263226,0.321344421
555,3.268806,0.340429833
556,3.22428,0.323077668
557,3.227978,0.322699945
558,3.213207,0.330155372
559,3.201475,0.342119149
560,3.220921,0.31509342
561,3.192737,0.313720563
562,3.189164,0.294656657
563,3.185516,0.306325496
564,3.171961,0.290925232
565,3.181873,0.275029039
566,3.176268,0.286852215
567,3.161533,0.274236265
568,3.170618,0.290898378
569,3.172497,0.266547087
570,3.171781,0.264385455
571,3.161177,0.289792977
572,3.169718,0.257146102
573,3.159713,0.268320816
574,3.156979,0.260818363
575,3.146107,0.269860961
576,3.140539,0.273624489
577,3.141387,0.251163457
578,3.148046,0.236594083
579,3.122119,0.227118189
580,3.129028,0.256744327
581,3.130609,0.246074991
582,3.115712,0.256024595
583,3.108912,0.244353869
584,3.11076,0.250640591
585,3.108823,0.242750531
586,3.110002,0.254261461
587,3.091102,0.226972628
588,3.098231,0.247098891
589,3.102008,0.232534123
590,3.105891,0.252990117
591,3.098675,0.252680591
592,3.102984,0.248578366
593,3.09103,0.246645777
594,3.090527,0.255214123
595,3.100315,0.255166195
596,3.094205,0.27202762
597,3.071096,0.255440198
598,3.087407,0.279931732
599,3.108165,0.269461183
600,3.086052,0.281233508
601,3.08016,0.298773301
602,3.090292,0.304490701
603,3.071396,0.286877205
604,3.06756,0.284839713
605,3.079113,0.288600549
606,3.088193,0.300630277
607,3.064541,0.2841486
608,3.083785,0.286304385
609,3.073929,0.275236952
610,3.076936,0.272943563
611,3.070853,0.269247939
612,3.065872,0.258916421
613,3.094602,0.259406872
614,3.075723,0.261200014
615,3.062134,0.253002169
616,3.057934,0.250347008
617,3.065653,0.239266408
618,3.042487,0.237154314
619,3.041484,0.260941809
620,3.044806,0.249822739
621,3.030483,0.242215228
622,3.033757,0.248284157
623,3.014989,0.241381339
624,3.01965,0.248178887
625,3.031669,0.254824371
626,2.99865,0.243638109
627,2.997168,0.240684324
628,2.986401,0.228326243
629,2.972052,0.234404431
630,2.974077,0.239366125
631,2.976626,0.234860928
632,2.967138,0.228168453
633,2.942778,0.203998624
634,2.941391,0.210860467
635,2.933966,0.222563992
636,2.931513,0.20829995
637,2.917925,0.210531296
638,2.915601,0.201233789
639,2.906359,0.193806575
640,2.894973,0.202745013
641,2.883003,0.18589322
642,2.888203,0.19395305
643,2.876903,0.188193323
644,2.852999,0.181430994
645,2.84636,0.187619478
646,2.84699,0.204526579
647,2.843026,0.205013325
648,2.834646,0.191946062
649,2.843159,0.205427354
650,2.826175,0.209351224
651,2.828786,0.200092639
652,2.811687,0.175565676
653,2.800212,0.195319965
654,2.811796,0.177290956
655,2.805184,0.159786714
656,2.793503,0.176873573
657,2.804145,0.15127248
658,2.816456,0.16372084
659,2.786632,0.164277894
660,2.791667,0.173215937
661,2.785461,0.165005183
662,2.788622,0.18518726
663,2.772045,0.173779985
664,2.77144,0.179606898
665,2.778145,0.171772105
666,2.759135,0.169044029
667,2.777429,0.181133108
668,2.7507,0.203771404
669,2.75265,0.180994648
670,2.750706,0.188465343
671,2.751946,0.196675504
672,2.749078,0.186399377
673,2.742067,0.18760092
674,2.735455,0.209654391
675,2.724243,0.20660042
676,2.720075,0.204982894
677,2.717617,0.204591896
678,2.714695,0.195393564
679,2.706823,0.195200101
680,2.727086,0.206047656
681,2.710623,0.179702035
682,2.695636,0.210798618
683,2.704915,0.21009653
684,2.693711,0.207818528
685,2.71611,0.198729085
686,2.717885,0.207825155
687,2.695674,0.207618991
688,2.704626,0.21264062
689,2.718383,0.220011296
690,2.69366,0.223554583
691,2.691742,0.234030956
692,2.688769,0.230905288
693,2.670367,0.22236619
694,2.682731,0.221226837
695,2.681441,0.234591459
696,2.656654,0.220680416
697,2.648534,0.218257735
698,2.656534,0.214466191
699,2.633565,0.210360322
700,2.639904,0.215650196
701,2.625995,0.203378011
702,2.624725,0.180767816
703,2.615487,0.182379232
704,2.607786,0.192538975
705,2.606638,0.175875376
706,2.594001,0.178267073
707,2.59606,0.194446114
708,2.602841,0.189319925
709,2.581204,0.19011438
710,2.579815,0.175238682
711,2.575349,0.180538067
712,2.58186,0.165953123
713,2.556253,0.162790177
714,2.576464,0.16530833
715,2.576863,0.173838895
716,2.559129,0.153117512
717,2.557499,0.152131711
718,2.544377,0.169384914
719,2.532325,0.156431896
720,2.544434,0.151447121
721,2.545045,0.163319477
722,2.538407,0.156390938
723,2.548783,0.168816436
724,2.537411,0.159346062
725,2.539534,0.162463296
726,2.518621,0.136464496
727,2.523915,0.137172625
728,2.519735,0.13643594
729,2.517341,0.158516645
730,2.518017,0.162322263
731,2.510284,0.15365529
732,2.520364,0.149519096
733,2.516158,0.149258668
734,2.499337,0.149641957
735,2.499143,0.15986527
736,2.498668,0.149981848
737,2.495081,0.160359214
738,2.507205,0.164496441
739,2.483892,0.160531566
740,2.492857,0.176263508
741,2.49024,0.153359853
742,2.497134,0.153580344
743,2.507328,0.15786473
744,2.495799,0.147224622
745,2.49006,0.157692082
746,2.496538,0.160792302
747,2.500775,0.153188818
748,2.499389,0.160467209
749,2.499004,0.155908554
750,2.491879,0.16441349
751,2.480887,0.167204024
752,2.479998,0.159401804
753,2.498096,0.159657679
754,2.478457,0.147720354
755,2.481265,0.15739128
756,2.476695,0.154544529
757,2.472569,0.156117726
758,2.457458,0.150099418
759,2.454305,0.153352118
760,2.462609,0.15546488
761,2.456567,0.151837152
762,2.448932,0.139240723
763,2.445884,0.140713104
764,2.45882,0.153715416
765,2.440736,0.129904168
766,2.444729,0.143561239
767,2.458315,0.130651063
768,2.441536,0.127651812
769,2.446279,0.113226174
770,2.451872,0.123253667
771,2.446115,0.120130289
772,2.438517,0.127420469
773,2.439959,0.121408234
774,2.443235,0.123343355
775,2.431603,0.131866269
776,2.427002,0.15399941
777,2.421085,0.156908532
778,2.42389,0.148576087
779,2.429135,0.161151845
780,2.42044,0.144184353
781,2.430662,0.15866898
782,2.419173,0.172471644
783,2.412025,0.15822039
784,2.408565,0.168298709
785,2.410789,0.171777137
786,2.417871,0.166501238
787,2.413965,0.170969269
788,2.405309,0.172187679
789,2.389505,0.169220058
790,2.400164,0.172250009
791,2.390957,0.189494859
792,2.398472,0.193809132
793,2.392104,0.203634774
794,2.399165,0.183646919
795,2.38832,0.189228858
796,2.398682,0.198435935
797,2.393491,0.193171566
798,2.392153,0.191248647
799,2.380326,0.190371768
800,2.386186,0.178528508
801,2.370072,0.188068659
802,2.381703,0.184247919
803,2.387402,0.1801368
804,2.376933,0.17994508
805,2.377701,0.184953351
806,2.382533,0.186074669
807,2.381326,0.175993101
808,2.370361,0.170935017
809,2.373961,0.174079952
810,2.371353,0.181822258
811,2.364691,0.173205336
812,2.349708,0.169381855
813,2.348487,0.180013881
814,2.33909,0.186467921
815,2.332131,0.187133172
816,2.335063,0.191818761
817,2.328995,0.173163726
818,2.313247,0.187468567
819,2.308526,0.188732747
820,2.305076,0.18237975
821,2.292914,0.180756844
822,2.287395,0.172929308
823,2.265713,0.156672895
824,2.266369,0.163253678
825,2.252574,0.171495174
826,2.24918,0.167747372
827,2.249596,0.164156156
828,2.254354,0.163691426
829,2.255097,0.167513825
830,2.249301,0.160582236
831,2.243353,0.159410808
832,2.249383,0.174078173
833,2.252253,0.167067639
834,2.249066,0.163725806
835,2.250106,0.171095921
836,2.238067,0.152122561
837,2.245812,0.149685202
838,2.246309,0.14916739
839,2.235538,0.145723472
840,2.23472,0.134026585
841,2.24176,0.143436076
842,2.233917,0.136393169
843,2.230744,0.130457183
844,2.232239,0.137673046
845,2.226096,0.132573822
846,2.23008,0.127380344
847,2.232856,0.123029526
848,2.217676,0.141545959
849,2.239205,0.143514592
850,2.232338,0.131533951
851,2.228955,0.133997381
852,2.22764,0.130180639
853,2.23348,0.136069985
854,2.232279,0.137651553
855,2.226826,0.124738688
856,2.229993,0.127343488
857,2.212529,0.114467513
858,2.212464,0.114999143
859,2.220473,0.110967262
860,2.225714,0.113168053
861,2.211444,0.113553256
862,2.209621,0.129295744
863,2.208684,0.118433735
864,2.203528,0.124418546
865,2.209003,0.119469967
866,2.202584,0.124711066
867,2.195264,0.142379089
868,2.190629,0.139705802
869,2.190063,0.142102516
870,2.185711,0.139693571
871,2.191084,0.135318249
872,2.19618,0.123560048
873,2.194702,0.129390365
874,2.187546,0.128963711
875,2.181469,0.126749886
876,2.170936,0.128974347
877,2.180611,0.129884618
878,2.180708,0.13880128
879,2.177669,0.119299558
880,2.155757,0.129307296
881,2.161005,0.114965435
882,2.165643,0.123610295
883,2.151819,0.136089914
884,2.154109,0.116133809
885,2.149976,0.121376738
886,2.149688,0.128767976
887,2.15283,0.117500907
888,2.151653,0.137626859
889,2.143054,0.108947867
890,2.151167,0.126106744
891,2.141731,0.127272538
892,2.144215,0.124373882
893,2.13301,0.121108045
894,2.13295,0.126869264
895,2.134312,0.120062426
896,2.108824,0.118419313
897,2.108767,0.112229305
898,2.097629,0.109522218
899,2.095337,0.109739815
900,2.093689,0.103326068
901,2.097766,0.102616851
902,2.09354,0.107601509
903,2.088735,0.09339298
904,2.085321,0.095928
905,2.078847,0.091448255
906,2.088643,0.097767352
907,2.08478,0.111372049
908,2.077042,0.093991181
909,2.079615,0.098291828
910,2.07984,0.10177365
911,2.073027,0.103586288
912,2.078506,0.104708464
913,2.076059,0.107403958
914,2.072768,0.115802739
915,2.072779,0.112929842
916,2.070572,0.112574971
917,2.07496,0.125414363
918,2.068383,0.114815197
919,2.067089,0.11903725
920,2.059362,0.111414315
921,2.065878,0.123906623
922,2.066843,0.115882168
923,2.064522,0.124523316
924,2.047154,0.123938772
925,2.037606,0.117263001
926,2.042862,0.124441063
927,2.045596,0.128536859
928,2.02963,0.134938388
929,2.037907,0.119325249
930,2.030959,0.123808703
931,2.031241,0.125004856
932,2.020165,0.135557426
933,2.015895,0.131058821
934,2.004229,0.124855705
935,1.999869,0.136408445
936,2.000641,0.129313689
937,2.010388,0.132936161
938,1.998683,0.13237035
939,1.995352,0.125282769
940,2.001911,0.123231526
941,1.998512,0.135338424
942,2.005747,0.141224554
943,2.003713,0.147520526
944,2.000993,0.13993519
945,1.99708,0.141618287
946,1.986132,0.137881529
947,1.995284,0.154558692
948,2.003196,0.157166115
949,1.990276,0.156393527
950,1.986105,0.151570372
951,1.98439,0.162265427
952,1.977471,0.162171662
953,1.982369,0.171391159
954,1.983671,0.169532805
955,1.97454,0.175023018
956,1.971921,0.16426466
957,1.968337,0.177563434
958,1.970994,0.171007201
959,1.975708,0.189856472
960,1.966523,0.187751394
961,1.970789,0.186045394
962,1.967346,0.175140716
963,1.971673,0.183220211
964,1.954571,0.180800083
965,1.97386,0.178914968
966,1.969252,0.188414541
967,1.957526,0.19010399
968,1.962737,0.187023157
969,1.953822,0.177853773
970,1.947648,0.173363053
971,1.945361,0.169430642
972,1.946241,0.162774619
973,1.940482,0.150313512
974,1.941829,0.154784104
975,1.936323,0.148165108
976,1.931531,0.148021849
977,1.942036,0.137905221
978,1.934876,0.123026539
979,1.935208,0.120804177
980,1.934384,0.125884642
981,1.936765,0.118894258
982,1.935031,0.11384739
983,1.937101,0.117374634
984,1.943953,0.12132165
985,1.940056,0.122896122
986,1.941693,0.123346435
987,1.949278,0.109755281
988,1.932413,0.118870629
989,1.927233,0.105374857
990,1.938532,0.111964345
991,1.947501,0.108867332
992,1.932654,0.110791014
993,1.933423,0.104799431
994,1.936776,0.104164975
995,1.925587,0.102575669
996,1.932772,0.104951097
997,1.937777,0.090551315
998,1.927289,0.089169057
999,1.924954,0.090207056
1000,1.926955,0.093115121
1001,1.923089,0.094067977
1002,1.926558,0.081589625
1003,1.932772,0.088865552
1004,1.924831,0.082042007
1005,1.919977,0.079967058
1006,1.920101,0.082809795
1007,1.91836,0.080971726
1008,1.906878,0.084691443
1009,1.906824,0.082690849
1010,1.89436,0.077827174
1011,1.885904,0.085700394
1012,1.888304,0.070349774
1013,1.885109,0.074698824
1014,1.873018,0.062134188
1015,1.873846,0.053217703
1016,1.872064,0.058541584
1017,1.865413,0.044008152
1018,1.866726,0.052903242
1019,1.860625,0.055507236
1020,1.860752,0.064812951
1021,1.853734,0.062737926
1022,1.848554,0.064641879
1023,1.856034,0.062287439
1024,1.839845,0.088820522
1025,1.83508,0.082877894
1026,1.841345,0.096493176
1027,1.828913,0.099176502
1028,1.827633,0.097160162
1029,1.812481,0.09929345
1030,1.814273,0.112055809
1031,1.799243,0.12810961
1032,1.796999,0.122135343
1033,1.798608,0.12179134
1034,1.791228,0.129115348
1035,1.78415,0.135569289
1036,1.78678,0.126520182
1037,1.785078,0.135511489
1038,1.782955,0.125705633
1039,1.770634,0.117620767
1040,1.771577,0.131886852
1041,1.768004,0.118759007
1042,1.765237,0.125802402
1043,1.756856,0.137258735
1044,1.754343,0.125160896
1045,1.752528,0.136357911
1046,1.748907,0.138064824
1047,1.753986,0.136469179
1048,1.755722,0.136914267
1049,1.747033,0.129121963
1050,1.748775,0.135110278
1051,1.755911,0.126200956
1052,1.752494,0.12319455
1053,1.753842,0.136244105
1054,1.738367,0.114655191
1055,1.74648,0.125450463
1056,1.755855,0.130451521
1057,1.758799,0.132510549
1058,1.749504,0.131833353
1059,1.75381,0.120499668
1060,1.749235,0.121309232
1061,1.758476,0.130479012
1062,1.754241,0.118802733
1063,1.759547,0.119102009
1064,1.753636,0.114359645
1065,1.763481,0.104468113
1066,1.769942,0.110421805
1067,1.777101,0.103997522
1068,1.753811,0.104271473
1069,1.763791,0.111144041
1070,1.772329,0.111070252
1071,1.766655,0.095857786
1072,1.774045,0.100716813
1073,1.77338,0.094253381
1074,1.760798,0.087398026
1075,1.770134,0.090158875
1076,1.762535,0.0841236
1077,1.765309,0.071600774
1078,1.769867,0.077770003
1079,1.765634,0.072457382
1080,1.755021,0.080710448
1081,1.753237,0.078365047
1082,1.752878,0.074088315
1083,1.754693,0.069033845
1084,1.754587,0.077466198
1085,1.747723,0.073614228
1086,1.748223,0.083758496
1087,1.752104,0.084714624
1088,1.743057,0.096101585
1089,1.742076,0.096136413
1090,1.742823,0.099195397
1091,1.736557,0.099554648
1092,1.745679,0.102554303
1093,1.743491,0.104556149
1094,1.748038,0.111657718
1095,1.747938,0.113847574
1096,1.752466,0.117163751
1097,1.749313,0.120039108
1098,1.753529,0.1217784
1099,1.761693,0.119630064
1100,1.758888,0.112469863
1101,1.765798,0.109449132
1102,1.77213,0.11843507
1103,1.76672,0.115789234
1104,1.765695,0.122934645
1105,1.765348,0.117472945
1106,1.769684,0.103143346
1107,1.766422,0.108936616
1108,1.761104,0.111336073
1109,1.755522,0.105830654
1110,1.753017,0.106824822
1111,1.750507,0.101279889
1112,1.753825,0.102923598
1113,1.743418,0.098368986
1114,1.724982,0.092182907
1115,1.725035,0.090563494
1116,1.720445,0.087125754
1117,1.713567,0.084266108
1118,1.706804,0.084658315
1119,1.707793,0.087667172
1120,1.702773,0.08402578
1121,1.698143,0.081822154
1122,1.677971,0.089475551
1123,1.682681,0.085325767
1124,1.677955,0.086843859
1125,1.670633,0.086262022
1126,1.668393,0.098166419
1127,1.669486,0.085958011
1128,1.6662,0.090527609
1129,1.674347,0.090067712
1130,1.678505,0.091778774
1131,1.680869,0.085605072
1132,1.682763,0.087255489
1133,1.679739,0.090713404
1134,1.682203,0.096118034
1135,1.676538,0.101247308
1136,1.690336,0.101313261
1137,1.685557,0.091219505
1138,1.684445,0.094086435
1139,1.679002,0.086605904
1140,1.685946,0.093371032
1141,1.688279,0.103255781
1142,1.684887,0.099153693
1143,1.683561,0.094563909
1144,1.688381,0.106072971
1145,1.676265,0.115573693
1146,1.669518,0.113952542
1147,1.681207,0.120593785
1148,1.663578,0.118852363
1149,1.663021,0.115395175
1150,1.655868,0.123547143
1151,1.658023,0.114620078
1152,1.654366,0.121951249
1153,1.646824,0.119370372
1154,1.650496,0.132087812
1155,1.646613,0.112572542
1156,1.6446,0.114653852
1157,1.643119,0.117863754
1158,1.642595,0.122966522
1159,1.637964,0.115277437
1160,1.628255,0.120527584
1161,1.624913,0.120476199
1162,1.6346,0.121546547
1163,1.628107,0.117972282
1164,1.621022,0.118766753
1165,1.62507,0.135207501
1166,1.624222,0.131466465
1167,1.616661,0.13450251
1168,1.619304,0.139214265
1169,1.615812,0.14270642
1170,1.626113,0.139415833
1171,1.61896,0.145024458
1172,1.627314,0.150165492
1173,1.616496,0.157524327
1174,1.61974,0.15947189
1175,1.617329,0.151309757
1176,1.61784,0.153550303
1177,1.612085,0.159443296
1178,1.615949,0.155467206
1179,1.623322,0.168226468
1180,1.619994,0.163537294
1181,1.626975,0.162171604
1182,1.628291,0.159051749
1183,1.633712,0.160075824
1184,1.626837,0.15627752
1185,1.638929,0.163952219
1186,1.630629,0.148666161
1187,1.640803,0.147193831
1188,1.647792,0.151578963
1189,1.641795,0.146001309
1190,1.649544,0.148354041
1191,1.648586,0.145548046
1192,1.652583,0.148367665
1193,1.657731,0.147109673
1194,1.650777,0.138539135
1195,1.650621,0.133126536
1196,1.652466,0.147134324
1197,1.648684,0.144447093
1198,1.658713,0.142018818
1199,1.653919,0.143196504
1200,1.65346,0.144318331
1201,1.653728,0.141478129
1202,1.662949,0.136084158
1203,1.658647,0.136755793
1204,1.653741,0.135309173
1205,1.649568,0.130511564
1206,1.657392,0.130339997
1207,1.651365,0.123745676
1208,1.654228,0.134191801
1209,1.654609,0.127371498
1210,1.648231,0.123900306
1211,1.643767,0.120203801
1212,1.650877,0.125303349
1213,1.646611,0.117995642
1214,1.642438,0.118468034
1215,1.630345,0.116514185
1216,1.620283,0.111879526
1217,1.618376,0.110708186
1218,1.617229,0.100728862
1219,1.612551,0.11387684
1220,1.613378,0.10727003
1221,1.610107,0.113768797
1222,1.612096,0.118473717
1223,1.600758,0.119582269
1224,1.597127,0.130581143
1225,1.586636,0.127640529
1226,1.586372,0.12527892
1227,1.579128,0.129132443
1228,1.570914,0.128446528
1229,1.566707,0.124793425
1230,1.566072,0.121054462
1231,1.559644,0.129895451
1232,1.55868,0.130830918
1233,1.559337,0.12598437
1234,1.565175,0.129902008
1235,1.56111,0.122850387
1236,1.564965,0.119403221
1237,1.56878,0.124350757
1238,1.574211,0.119811302
1239,1.568268,0.120907589
1240,1.574122,0.115840753
1241,1.570173,0.11980809
1242,1.587813,0.121480424
1243,1.581266,0.117673258
1244,1.580642,0.123325238
1245,1.578491,0.125641329
1246,1.580379,0.117490376
1247,1.58959,0.121566466
1248,1.591986,0.117027501
1249,1.592321,0.111984733
1250,1.590977,0.115437038
1251,1.587321,0.124588462
1252,1.585709,0.119121475
1253,1.579416,0.115325132
1254,1.586051,0.129303077
1255,1.584064,0.116000987
1256,1.583268,0.134597097
1257,1.569944,0.123195856
1258,1.576342,0.133178106
1259,1.580593,0.125865545
1260,1.575339,0.134538133
1261,1.571373,0.123183598
1262,1.574912,0.128974404
1263,1.569005,0.128811406
1264,1.570202,0.135781037
1265,1.56784,0.130325781
1266,1.567903,0.139735902
1267,1.570041,0.142933839
1268,1.559083,0.136774756
1269,1.5616,0.134616051
1270,1.561785,0.133205178
1271,1.55813,0.13535137
1272,1.547734,0.136151724
1273,1.550489,0.130143427
1274,1.538029,0.129266341
1275,1.534915,0.118249239
1276,1.532874,0.120815735
1277,1.532929,0.122716186
1278,1.523498,0.119516099
1279,1.530089,0.110425082
1280,1.520851,0.108767275
1281,1.514192,0.112502906
1282,1.515294,0.10935166
1283,1.507527,0.110506779
1284,1.513773,0.110351913
1285,1.512308,0.103731104
1286,1.501109,0.104904129
1287,1.501148,0.098232696
1288,1.499712,0.100400787
1289,1.497735,0.092397739
1290,1.496557,0.093945564
1291,1.495112,0.103509307
1292,1.490074,0.104343505
1293,1.483254,0.101119221
1294,1.489101,0.109102521
1295,1.483103,0.104340034
1296,1.480953,0.101716009
1297,1.483693,0.105904155
1298,1.486123,0.107199578
1299,1.483432,0.104361608
1300,1.480284,0.111698102
1301,1.479823,0.109304243
1302,1.46986,0.115269335
1303,1.477416,0.119637789
1304,1.477483,0.102900385
1305,1.481178,0.113541997
1306,1.477517,0.109808534
1307,1.471364,0.119266751
1308,1.471574,0.107498295
1309,1.473058,0.111812395
1310,1.469035,0.109254483
1311,1.467842,0.104254476
1312,1.466797,0.107501757
1313,1.464425,0.105593305
1314,1.464015,0.111163847
1315,1.467807,0.113640066
1316,1.466677,0.110701319
1317,1.46462,0.107009976
1318,1.473217,0.110585585
1319,1.475294,0.112725777
1320,1.468709,0.104594473
1321,1.463918,0.097837158
1322,1.466517,0.106076835
1323,1.465009,0.09991929
1324,1.465036,0.1006377
1325,1.46825,0.108321367
1326,1.47418,0.110486722
1327,1.479933,0.111766097
1328,1.48028,0.104787708
1329,1.479057,0.102015387
1330,1.486831,0.09397742
1331,1.48873,0.099342113
1332,1.492091,0.096973328
1333,1.49556,0.098502283
1334,1.496625,0.097340508
1335,1.495097,0.103515367
1336,1.496698,0.090791456
1337,1.506304,0.088336992
1338,1.519133,0.085951487
1339,1.519024,0.078432188
1340,1.516374,0.081435824
1341,1.512724,0.073857236
1342,1.516737,0.069275109
1343,1.521178,0.068514841
1344,1.520764,0.073566996
1345,1.525675,0.074142646
1346,1.525231,0.072110364
1347,1.52052,0.061519041
1348,1.521757,0.063703205
1349,1.525442,0.059587132
1350,1.518081,0.063903728
1351,1.516336,0.059539549
1352,1.51996,0.056536646
1353,1.514146,0.05522618
1354,1.504062,0.050155305
1355,1.507922,0.052924573
1356,1.50317,0.051131539
1357,1.50202,0.058990882
1358,1.500133,0.063751276
1359,1.499558,0.066862715
1360,1.49994,0.069167162
1361,1.494588,0.072879609
1362,1.492709,0.074118493
1363,1.486159,0.071839472
1364,1.479923,0.081458942
1365,1.492383,0.082506822
1366,1.489823,0.083775211
1367,1.485762,0.07894658
1368,1.480563,0.082082758
1369,1.480456,0.08362399
1370,1.481516,0.089188012
1371,1.480149,0.090792207
1372,1.47342,0.089127337
1373,1.471169,0.088467172
1374,1.475761,0.077141298
1375,1.477671,0.081629294
1376,1.474272,0.080396708
1377,1.471481,0.08088067
1378,1.466102,0.077336947
1379,1.473576,0.077886385
1380,1.472227,0.081283453
1381,1.473001,0.084664657
1382,1.469054,0.08142902
1383,1.469882,0.081696418
1384,1.455479,0.086599234
1385,1.452146,0.091630704
1386,1.451212,0.086136017
1387,1.439621,0.092936016
1388,1.440983,0.093364341
1389,1.435888,0.097973138
1390,1.4351,0.088946668
1391,1.43083,0.089412681
1392,1.425638,0.090624897
1393,1.424611,0.086468418
1394,1.422152,0.085548265
1395,1.418389,0.084326087
1396,1.420168,0.082588508
1397,1.417074,0.082942269
1398,1.419892,0.090033644
1399,1.418671,0.085798895
1400,1.414912,0.081967915
1401,1.418208,0.080689755
1402,1.418227,0.071757437
1403,1.413902,0.074099493
1404,1.412557,0.074054613
1405,1.415015,0.072509729
1406,1.407963,0.074226162
1407,1.408049,0.08308186
1408,1.40185,0.076102306
1409,1.404712,0.087411979
1410,1.39585,0.087357071
1411,1.398523,0.087243393
1412,1.399909,0.099136113
1413,1.390937,0.099741895
1414,1.393361,0.102195589
1415,1.38828,0.098199625
1416,1.386836,0.101398561
1417,1.383655,0.102069229
1418,1.378779,0.107389167
1419,1.375758,0.109843603
1420,1.369854,0.106003231
1421,1.369327,0.10227506
1422,1.366692,0.11006132
1423,1.369612,0.107778072
1424,1.370045,0.103410437
1425,1.37028,0.101831565
1426,1.365915,0.100833672
1427,1.368621,0.102596863
1428,1.369455,0.096613888
1429,1.367797,0.09617362
1430,1.353038,0.093720131
1431,1.358223,0.088391083
1432,1.355101,0.089215313
1433,1.35575,0.082522814
1434,1.358556,0.088480951
1435,1.353604,0.086433869
1436,1.354808,0.082563823
1437,1.354498,0.082904682
1438,1.35604,0.086320969
1439,1.355321,0.078527876
1440,1.359621,0.079468524
1441,1.363683,0.079891917
1442,1.367499,0.083806205
1443,1.368231,0.079873312
1444,1.370811,0.080965372
1445,1.368689,0.083943348
1446,1.372527,0.079825067
1447,1.371325,0.092361028
1448,1.373949,0.086917061
1449,1.383335,0.100539647
1450,1.376032,0.104359964
1451,1.382672,0.106019644
1452,1.379171,0.102840511
1453,1.381412,0.105404643
1454,1.374859,0.108745728
1455,1.371017,0.094969436
1456,1.362968,0.093501492
1457,1.370013,0.095577722
1458,1.375535,0.092612856
1459,1.37231,0.09864228
1460,1.36437,0.086113125
1461,1.375979,0.08879759
1462,1.369793,0.081068028
1463,1.365424,0.082542806
1464,1.370941,0.081343441
1465,1.370211,0.075637097
1466,1.373081,0.071980819
1467,1.381576,0.068471437
1468,1.377002,0.068183597
1469,1.377418,0.063570878
1470,1.38436,0.06188907
1471,1.384764,0.062629342
1472,1.378542,0.066989157
1473,1.382138,0.062024351
1474,1.382173,0.066862287
1475,1.386652,0.06693668
1476,1.390087,0.063482016
1477,1.38595,0.059492037
1478,1.379262,0.060246782
1479,1.380744,0.061716504
1480,1.381776,0.057779377
1481,1.392351,0.065172703
1482,1.381482,0.060040232
1483,1.387946,0.061109098
1484,1.382684,0.055255944
1485,1.384433,0.067116409
1486,1.383497,0.064622213
1487,1.380269,0.068947836
1488,1.370813,0.066331968
1489,1.371517,0.069499531
1490,1.365284,0.072163867
1491,1.35739,0.069899942
1492,1.352838,0.073008797
1493,1.348772,0.069999174
1494,1.351776,0.076656999
1495,1.349847,0.081000854
1496,1.351677,0.07950831
1497,1.344446,0.083261811
1498,1.34996,0.086775889
1499,1.346903,0.082312063
1500,1.346839,0.078175162
1501,1.343073,0.08198256
1502,1.346619,0.090596261
1503,1.351241,0.096572752
1504,1.349532,0.099712802
1505,1.351283,0.101020079
1506,1.354146,0.107854444
1507,1.351725,0.115347579
1508,1.357399,0.124904324
1509,1.363185,0.134690959
1510,1.365104,0.13767472
1511,1.364459,0.138801538
1512,1.361478,0.143143695
1513,1.371593,0.141273708
1514,1.367161,0.140013143
1515,1.369423,0.145777891
1516,1.369083,0.147779451
1517,1.379013,0.143364244
1518,1.38147,0.144487718
1519,1.378386,0.146039315
1520,1.382193,0.148834948
1521,1.377651,0.153189586
1522,1.387556,0.154350101
1523,1.393485,0.153665312
1524,1.391346,0.155030921
1525,1.398839,0.150779228
1526,1.398129,0.15400976
1527,1.393952,0.154312927
1528,1.393132,0.147880876
1529,1.392623,0.148699287
1530,1.3882,0.155871735
1531,1.387815,0.14742493
1532,1.388965,0.154431805
1533,1.381174,0.158801307
1534,1.386172,0.1575254
1535,1.376443,0.147701622
1536,1.377252,0.154824561
1537,1.373668,0.14431426
1538,1.37341,0.153214939
1539,1.366239,0.144086567
1540,1.366557,0.13989772
1541,1.361811,0.142798293
1542,1.370781,0.136421501
1543,1.360096,0.129003952
1544,1.368665,0.131684309
1545,1.365757,0.129884075
1546,1.354229,0.132077763
1547,1.365332,0.122541255
1548,1.354754,0.119857084
1549,1.353535,0.118830158
1550,1.354638,0.113044307
1551,1.35161,0.115459109
1552,1.34578,0.114050646
1553,1.342932,0.108619512
1554,1.33494,0.108898076
1555,1.328323,0.110537905
1556,1.323822,0.105456777
1557,1.321444,0.111303537
1558,1.326996,0.110494359
1559,1.325737,0.112509132
1560,1.329535,0.108598948
1561,1.323608,0.112005089
1562,1.325278,0.109236435
1563,1.323655,0.1082785
1564,1.323568,0.101488193
1565,1.320693,0.100297734
1566,1.314483,0.100348509
1567,1.315785,0.098230628
1568,1.306823,0.097494782
1569,1.306776,0.092461798
1570,1.303851,0.098317536
1571,1.303581,0.099775051
1572,1.301709,0.092208236
1573,1.303291,0.093122054
1574,1.301867,0.089663959
1575,1.300337,0.091424525
1576,1.29645,0.09025546
1577,1.302748,0.090238834
1578,1.306726,0.092093204
1579,1.308384,0.101123366
1580,1.309122,0.104755278
1581,1.313802,0.114603633
1582,1.316237,0.123998394
1583,1.31439,0.131234507
1584,1.309183,0.128970264
1585,1.318021,0.132758109
1586,1.313796,0.130492979
1587,1.313116,0.132638086
1588,1.317647,0.136404364
1589,1.317663,0.146624187
1590,1.322426,0.144665437
1591,1.317894,0.143540662
1592,1.312008,0.139754513
1593,1.311139,0.142632614
1594,1.313031,0.143761962
1595,1.311432,0.145865567
1596,1.313853,0.150140771
1597,1.313967,0.145991685
1598,1.317042,0.151034902
1599,1.318621,0.158587655
1600,1.313571,0.159914202
1601,1.311249,0.16474598
1602,1.313045,0.170139602
1603,1.316517,0.181928947
1604,1.310739,0.176737363
1605,1.308916,0.175900871
1606,1.311472,0.181705945
1607,1.307579,0.180644037
1608,1.308184,0.183965974
1609,1.303129,0.179335677
1610,1.298033,0.178230183
1611,1.297587,0.171500274
1612,1.295846,0.176757929
1613,1.289099,0.168358591
1614,1.289192,0.167199581
1615,1.289178,0.164418258
1616,1.284933,0.159816825
1617,1.285886,0.150432153
1618,1.285957,0.153398379
1619,1.289371,0.15286178
1620,1.284609,0.145666133
1621,1.288446,0.142253306
1622,1.29061,0.14093351
1623,1.293868,0.140078609
1624,1.297971,0.138138453
1625,1.304155,0.14136532
1626,1.308704,0.133797635
1627,1.311665,0.126808449
1628,1.31937,0.122772555
1629,1.314357,0.112806556
1630,1.324464,0.111820505
1631,1.325169,0.112242303
1632,1.32648,0.104050484
1633,1.325187,0.102310966
1634,1.318071,0.103473918
1635,1.313966,0.101543301
1636,1.313704,0.09740506
1637,1.313339,0.097038371
1638,1.31822,0.096523338
1639,1.309688,0.096328855
1640,1.312749,0.094117766
1641,1.305702,0.092196353
1642,1.307915,0.093967962
1643,1.308477,0.085204689
1644,1.310759,0.087133965
1645,1.307444,0.082762724
1646,1.297464,0.080100375
1647,1.293335,0.071721217
1648,1.29172,0.07294119
1649,1.28496,0.071808999
1650,1.287845,0.06837424
1651,1.286954,0.067848213
1652,1.284429,0.060539016
1653,1.277439,0.05295999
1654,1.268392,0.052414715
1655,1.272058,0.054431147
1656,1.272102,0.050779187
1657,1.264545,0.04941902
1658,1.267308,0.049854616
1659,1.265888,0.050197699
1660,1.264509,0.049300769
1661,1.263353,0.05033167
1662,1.260137,0.058363033
1663,1.250266,0.064543951
1664,1.251931,0.066779043
1665,1.25112,0.072248385
1666,1.251393,0.07317482
1667,1.248145,0.075218696
1668,1.256176,0.077130001
1669,1.249927,0.082777068
1670,1.261251,0.084372113
1671,1.264015,0.084896052
1672,1.259793,0.082157785
1673,1.252678,0.087530439
1674,1.265979,0.081792978
1675,1.266867,0.085741579
1676,1.262649,0.082637201
1677,1.267997,0.083622797
1678,1.265371,0.089817259
1679,1.263341,0.093060721
1680,1.263212,0.091935878
1681,1.258099,0.091217039
1682,1.256563,0.092586326
1683,1.260136,0.094029699
1684,1.262046,0.09833772
1685,1.260962,0.102394593
1686,1.262686,0.100988611
1687,1.266221,0.106052996
1688,1.272086,0.111238912
1689,1.266172,0.112239976
1690,1.269569,0.11545538
1691,1.269763,0.117891372
1692,1.267754,0.122572956
1693,1.27107,0.128001038
1694,1.267217,0.129715475
1695,1.266551,0.132144085
1696,1.268742,0.133995441
1697,1.265706,0.134236592
1698,1.264423,0.135326344
1699,1.259949,0.13399609
1700,1.256167,0.138591048
1701,1.254013,0.137168461
1702,1.248631,0.134978501
1703,1.251102,0.13648853
1704,1.246111,0.134916348
1705,1.243769,0.127343888
1706,1.240975,0.131862648
1707,1.23414,0.12621924
1708,1.232464,0.126428739
1709,1.2311678,0.12754462
1710,1.226477,0.122611671
1711,1.225699,0.120086152
1712,1.222134,0.114597276
1713,1.219422,0.113321247
1714,1.214333,0.106808007
1715,1.217442,0.106201647
1716,1.212644,0.107626886
1717,1.215433,0.103916484
1718,1.211716,0.096040277
1719,1.211017,0.092795099
1720,1.215577,0.098450822
1721,1.20914,0.092515899
1722,1.213249,0.089629913
1723,1.210117,0.08615579
1724,1.211394,0.08135418
1725,1.207747,0.077437641
1726,1.210432,0.078960658
1727,1.208931,0.074866586
1728,1.208548,0.070484873
1729,1.211504,0.072394724
1730,1.209588,0.071652675
1731,1.213891,0.072185958
1732,1.213724,0.06873981
1733,1.210587,0.066539346
1734,1.213027,0.06613052
1735,1.209135,0.067373725
1736,1.204873,0.070710056
1737,1.206212,0.070028521
1738,1.202226,0.069180775
1739,1.201982,0.070644981
1740,1.194819,0.070385942
1741,1.192127,0.066097969
1742,1.190028,0.065040472
1743,1.195005,0.067015693
1744,1.186783,0.066449992
1745,1.188044,0.072209175
1746,1.19399,0.066655294
1747,1.197343,0.069608182
1748,1.191272,0.070847982
1749,1.193375,0.072754488
1750,1.191876,0.073301935
1751,1.190055,0.074696133
1752,1.190239,0.080290562
1753,1.192243,0.08079935
1754,1.188148,0.094617275
1755,1.19058,0.091210792
1756,1.191098,0.099445587
1757,1.195357,0.103679655
1758,1.190827,0.102707482
1759,1.18834,0.106749149
1760,1.193406,0.11006921
1761,1.187945,0.119499188
1762,1.184499,0.12311386
1763,1.180852,0.126606891
1764,1.179636,0.126838949
1765,1.18194,0.121378924
1766,1.180454,0.117035586
1767,1.185954,0.117549368
1768,1.181371,0.116416526
1769,1.182755,0.108224846
1770,1.180118,0.116547257
1771,1.182598,0.11334055
1772,1.188482,0.111162781
1773,1.183881,0.101309196
1774,1.18407,0.102056362
1775,1.182816,0.095409932
1776,1.18069,0.09152161
1777,1.178345,0.080735569
1778,1.179091,0.075848818
1779,1.170217,0.074825037
1780,1.166733,0.067109536
1781,1.164778,0.067248537
1782,1.158351,0.061979524
1783,1.15754,0.065973487
1784,1.157139,0.069640925
1785,1.156354,0.06647803
1786,1.148458,0.064004448
1787,1.146664,0.067729138
1788,1.14962,0.075423585
1789,1.149475,0.069070389
1790,1.141245,0.066491476
1791,1.141214,0.067401322
1792,1.143412,0.071682009
1793,1.140151,0.074376184
1794,1.140134,0.072075093
1795,1.139925,0.074038996
1796,1.14523,0.073007612
1797,1.142645,0.071607782
1798,1.141211,0.077949325
1799,1.142458,0.083653944
1800,1.142012,0.082980465
1801,1.144387,0.086038682
1802,1.1432409,0.090922849
1803,1.140819,0.084991754
1804,1.138838,0.086881897
1805,1.140633,0.085043502
1806,1.137225,0.082804949
1807,1.1379419,0.085151927
1808,1.1386294,0.08221955
1809,1.1259828,0.086483127
1810,1.1275717,0.081279446
1811,1.1292618,0.080029708
1812,1.1312516,0.082682371
1813,1.1299875,0.083517736
1814,1.1285692,0.083511662
1815,1.12523,0.08426873
1816,1.1265397,0.085305653
1817,1.1277195,0.085871393
1818,1.1235978,0.0831063
1819,1.1293062,0.086980464
1820,1.1311834,0.089318224
1821,1.129389,0.091970762
1822,1.1341409,0.101043268
1823,1.1340442,0.095267811
1824,1.1367815,0.092701608
1825,1.1377628,0.096353144
1826,1.1378163,0.090006636
1827,1.1368422,0.085016733
1828,1.1388232,0.084748534
1829,1.1332826,0.077923637
1830,1.1310138,0.07362207
1831,1.1311149,0.070565949
1832,1.1320334,0.069076036
1833,1.1309688,0.06702808
1834,1.1298799,0.063136231
1835,1.127258,0.060907269
1836,1.123168,0.058718304
1837,1.125811,0.059938744
1838,1.122936,0.059606327
1839,1.124755,0.059005624
1840,1.124639,0.058622763
1841,1.121662,0.054848166
1842,1.116869,0.055597558
1843,1.116282,0.049707848
1844,1.119496,0.054194553
1845,1.113099,0.050884356
1846,1.114556,0.051599308
1847,1.114234,0.046543006
1848,1.110163,0.048720203
1849,1.104861,0.054376497
1850,1.112967,0.059951705
1851,1.118273,0.062932692
1852,1.116237,0.059403179
1853,1.121718,0.057860944
1854,1.127375,0.061666705
1855,1.1296328,0.062395831
1856,1.1337002,0.065800905
1857,1.1378427,0.065937227
1858,1.145555,0.065262036
1859,1.145072,0.06879076
1860,1.148272,0.06666772
1861,1.1530563,0.076433302
1862,1.1557591,0.081610581
1863,1.1566307,0.084499943
1864,1.1624405,0.085777302
1865,1.164441,0.087614735
1866,1.1575343,0.097238037
1867,1.1595066,0.102867607
1868,1.1631053,0.104444274
1869,1.170963,0.111625716
1870,1.1792163,0.118122171
1871,1.1829353,0.122403488
1872,1.1823544,0.119701585
1873,1.1802992,0.131650218
1874,1.1819721,0.132408702
1875,1.1853442,0.128934292
1876,1.1861849,0.139338271
1877,1.1895554,0.145158603
1878,1.1913365,0.142002009
1879,1.1925346,0.140471608
1880,1.1917684,0.143493903
1881,1.2002873,0.14486035
1882,1.203326,0.150140878
1883,1.2038821,0.151624839
1884,1.208875,0.157951432
1885,1.205826,0.151078125
1886,1.211258,0.151371926
1887,1.209933,0.148154324
1888,1.207258,0.143538068
1889,1.206437,0.147976506
1890,1.209206,0.145005669
1891,1.204128,0.149594217
1892,1.202678,0.149637893
1893,1.201861,0.146562324
1894,1.201446,0.14979844
1895,1.196407,0.146149504
1896,1.194172,0.142211616
1897,1.189634,0.144542351
1898,1.1868428,0.145000551
1899,1.1855335,0.140308857
1900,1.1820268,0.140726829
1901,1.1743944,0.134389896
1902,1.1672855,0.131999199
1903,1.1636076,0.129608972
1904,1.1533354,0.127225193
1905,1.1523128,0.12267579
1906,1.1451644,0.115207486
1907,1.1425524,0.113868639
1908,1.1370979,0.1060347
1909,1.1352806,0.106515096
1910,1.1270006,0.103068015
1911,1.127494,0.100419318
1912,1.1249908,0.100235611
1913,1.1140759,0.095537039
1914,1.1166223,0.09478711
1915,1.1147605,0.09500977
1916,1.1084604,0.095235556
1917,1.1014423,0.087011199
1918,1.1003123,0.096137106
1919,1.0991949,0.094579788
1920,1.095034,0.091428907
1921,1.0957023,0.091901333
1922,1.0896705,0.093845721
1923,1.0882563,0.092690235
1924,1.0905959,0.095617324
1925,1.0930541,0.100121935
1926,1.0912479,0.096792675
1927,1.0886383,0.094174308
1928,1.0828085,0.090393213
1929,1.0752877,0.090602848
1930,1.0717067,0.085709175
1931,1.072983,0.082592344
1932,1.0718137,0.083679554
1933,1.0695185,0.081594146
1934,1.0612618,0.078510893
1935,1.0537229,0.07825087
1936,1.0566849,0.077329208
1937,1.055414,0.082012138
1938,1.0585409,0.078371516
1939,1.0562019,0.088031232
1940,1.0595011,0.092157614
1941,1.0641254,0.088412314
1942,1.0617851,0.09087974
1943,1.0662473,0.086926336
1944,1.067312,0.090701633
1945,1.0718376,0.08504459
1946,1.0717906,0.090734852
1947,1.0725553,0.088531374
1948,1.0690663,0.086996216
1949,1.0728788,0.085323932
1950,1.0765287,0.087825389
1951,1.075115,0.090751015
1952,1.0798474,0.095756255
1953,1.0753092,0.09656862
1954,1.0805891,0.098172068
1955,1.0822611,0.097937305
1956,1.0794398,0.101358528
1957,1.0776598,0.097167468
1958,1.0808161,0.1018476
1959,1.0809747,0.098705964
1960,1.0802564,0.100869776
1961,1.0810466,0.09752427
1962,1.0847556,0.095619234
1963,1.0856809,0.097750654
1964,1.0784503,0.098017775
1965,1.0857559,0.096564826
1966,1.0855045,0.093511192
1967,1.0852275,0.092826323
1968,1.0842062,0.093449587
1969,1.0797109,0.090237673
1970,1.0807075,0.090079477
1971,1.0783773,0.095187869
1972,1.0784353,0.091295211
1973,1.07821,0.090021587
1974,1.0801871,0.093140596
1975,1.083895,0.093409619
1976,1.0801595,0.092329436
1977,1.0888303,0.101515608
1978,1.0870386,0.10286583
1979,1.0890745,0.102079308
1980,1.0877914,0.10099615
1981,1.0880911,0.10433341
1982,1.0877478,0.105677231
1983,1.0929064,0.109269157
1984,1.0957006,0.111303995
1985,1.0941273,0.110689607
1986,1.1000702,0.112820634
1987,1.0995545,0.111256803
1988,1.1026641,0.113003084
1989,1.0996877,0.109911748
1990,1.0972657,0.111300465
1991,1.1022213,0.105694903
1992,1.1001513,0.104563293
1993,1.1025596,0.107094566
1994,1.1013324,0.108323326
1995,1.0978067,0.10449404
1996,1.100254,0.107078952
1997,1.1002896,0.105700733
1998,1.1002086,0.104520737
1999,1.1057355,0.113114867
2000,1.1124803,0.122073
2001,1.1133726,0.12801526
