x,BER Mean,std
1,0.490820313,0.010645875
2,0.491113281,0.009791957
3,0.491699219,0.010132277
4,0.495458984,0.011828204
5,0.487304688,0.005467878
6,0.485449219,0.008888328
7,0.486767578,0.012739276
8,0.487109375,0.010899068
9,0.48671875,0.010492481
10,0.483740234,0.013617796
11,0.479833984,0.012364319
12,0.475830078,0.00853096
13,0.473046875,0.016908638
14,0.478759766,0.015703007
15,0.468701172,0.019493922
16,0.472802734,0.014573457
17,0.474267578,0.018678976
18,0.463916016,0.017035978
19,0.465478516,0.017190066
20,0.470800781,0.018901972
21,0.458300781,0.018098314
22,0.461523438,0.014320549
23,0.452490234,0.017096887
24,0.455761719,0.019480158
25,0.443017578,0.012103171
26,0.448681641,0.011613398
27,0.440429688,0.020500836
28,0.446386719,0.0212094
29,0.442480469,0.02074684
30,0.443701172,0.019063053
31,0.430957031,0.02560494
32,0.427783203,0.01923289
33,0.422998047,0.014080883
34,0.423291016,0.020811839
35,0.417724609,0.02616044
36,0.414648438,0.018334685
37,0.417529297,0.016033851
38,0.409912109,0.018816575
39,0.405273438,0.023365163
40,0.410107422,0.020233293
41,0.402490234,0.018316796
42,0.395605469,0.026467186
43,0.391992188,0.016867697
44,0.389013672,0.020590248
45,0.381298828,0.017214182
46,0.378466797,0.019263856
47,0.381054688,0.019043219
48,0.378613281,0.019591217
49,0.363623047,0.019451804
50,0.364941406,0.018635719
51,0.358935547,0.023215142
52,0.354248047,0.013675798
53,0.347558594,0.024111207
54,0.349707031,0.023701315
55,0.347070313,0.027754655
56,0.33828125,0.034022238
57,0.340869141,0.030962922
58,0.332470703,0.02799896
59,0.333349609,0.030747803
60,0.331689453,0.030242747
61,0.319873047,0.024914261
62,0.321240234,0.021205634
63,0.318994141,0.024984593
64,0.313427734,0.030144358
65,0.304980469,0.024162967
66,0.30234375,0.02707721
67,0.302001953,0.024748924
68,0.300634766,0.026105518
69,0.302587891,0.032959563
70,0.293212891,0.026304949
71,0.286621094,0.025725518
72,0.282861328,0.020580982
73,0.280566406,0.02678275
74,0.270068359,0.020841603
75,0.268261719,0.012675014
76,0.266552734,0.014088331
77,0.263720703,0.01822336
78,0.259570313,0.017995267
79,0.254443359,0.011861215
80,0.250439453,0.010326773
81,0.250927734,0.011402073
82,0.248242188,0.0149037
83,0.248779297,0.013972439
84,0.245800781,0.0156497
85,0.241455078,0.012544648
86,0.238623047,0.00822301
87,0.233349609,0.01343164
88,0.226025391,0.012514583
89,0.231201172,0.014096452
90,0.221679688,0.013913874
91,0.224560547,0.010999775
92,0.213525391,0.012744141
93,0.210107422,0.016349841
94,0.2109375,0.016730314
95,0.209423828,0.013120963
96,0.202734375,0.015260332
97,0.202246094,0.011595626
98,0.194580078,0.015567292
99,0.191748047,0.01485218
100,0.187695313,0.019369693
101,0.185693359,0.01901296
102,0.181884766,0.016483741
103,0.182421875,0.016357349
104,0.181152344,0.021018792
105,0.173388672,0.014956797
106,0.172265625,0.026873928
107,0.170947266,0.022743059
108,0.172265625,0.019207274
109,0.168554688,0.024931815
110,0.164648438,0.025297304
111,0.168701172,0.022794159
112,0.164306641,0.026126697
113,0.161083984,0.026926796
114,0.162109375,0.021377575
115,0.161425781,0.02082644
116,0.156738281,0.022725807
117,0.149316406,0.02758923
118,0.156396484,0.0243192
119,0.157128906,0.029077794
120,0.149462891,0.026094008
121,0.151416016,0.02180322
122,0.145751953,0.020922438
123,0.148779297,0.025904735
124,0.144775391,0.028792244
125,0.14140625,0.028107532
126,0.139648438,0.020867383
127,0.141015625,0.029804201
128,0.140380859,0.024693952
129,0.136474609,0.023462155
130,0.141650391,0.0295113
131,0.136279297,0.029381754
132,0.139404297,0.029002632
133,0.132519531,0.029225336
134,0.131445313,0.024618093
135,0.130761719,0.031815411
136,0.127294922,0.029631914
137,0.131054688,0.031993565
138,0.134326172,0.03115177
139,0.125244141,0.029812559
140,0.131005859,0.030308109
141,0.131787109,0.036321988
142,0.126123047,0.027915044
143,0.126855469,0.029308103
144,0.129199219,0.02864526
145,0.129248047,0.028373342
146,0.127978516,0.024485686
147,0.126367188,0.030135143
148,0.127001953,0.030142777
149,0.119091797,0.033473772
150,0.125048828,0.034437816
151,0.125927734,0.036142346
152,0.125732422,0.029540209
153,0.122070313,0.034994474
154,0.126855469,0.031626003
155,0.121728516,0.030786549
156,0.127441406,0.033084433
157,0.123925781,0.030963962
158,0.118994141,0.033372193
159,0.123242188,0.028883972
160,0.123388672,0.031756343
161,0.117089844,0.034471965
162,0.116503906,0.029846888
163,0.118212891,0.030068334
164,0.117919922,0.028171966
165,0.119189453,0.033275893
166,0.114453125,0.032688743
167,0.116259766,0.037020897
168,0.114599609,0.033548191
169,0.109619141,0.038992399
170,0.117675781,0.032066363
171,0.117333984,0.037980027
172,0.116699219,0.033203125
173,0.113525391,0.030469102
174,0.113818359,0.034914977
175,0.119335938,0.034671545
176,0.117919922,0.033885628
177,0.112402344,0.033989286
178,0.111767578,0.036716964
179,0.111621094,0.035955673
180,0.111328125,0.0369626
181,0.113720703,0.032182476
182,0.112353516,0.037223848
183,0.117333984,0.037277995
184,0.114550781,0.036264672
185,0.114160156,0.031702805
186,0.113574219,0.033355864
187,0.110791016,0.037418053
188,0.109521484,0.032861038
189,0.111279297,0.038500876
190,0.107177734,0.036323826
191,0.109765625,0.037026918
192,0.109960938,0.038030057
193,0.1125,0.037354122
194,0.110107422,0.036980818
195,0.109716797,0.041893308
196,0.108740234,0.040651313
197,0.108251953,0.041786749
198,0.105517578,0.037776342
199,0.102783203,0.037626973
200,0.107910156,0.032932751
201,0.107617188,0.037085081
202,0.105957031,0.038908387
203,0.107275391,0.036943277
204,0.107177734,0.039302394
205,0.105126953,0.03949471
206,0.111621094,0.034769739
207,0.106933594,0.034812775
208,0.108105469,0.037334969
209,0.106494141,0.039693662
210,0.101367188,0.040282582
211,0.103369141,0.040755576
212,0.103515625,0.042298235
213,0.100976563,0.037811259
214,0.104638672,0.039241563
215,0.102441406,0.038493042
216,0.104980469,0.038280129
217,0.104199219,0.03975593
218,0.1015625,0.038572364
219,0.103710938,0.041560279
220,0.101806641,0.044407428
221,0.099365234,0.041364224
222,0.102490234,0.039932004
223,0.099121094,0.037694554
224,0.097558594,0.035109968
225,0.099414063,0.042992159
226,0.098779297,0.039116205
227,0.099072266,0.041052491
228,0.099707031,0.03611354
229,0.097216797,0.040367868
230,0.095947266,0.039864359
231,0.099414063,0.037664308
232,0.093115234,0.040390659
233,0.092919922,0.03953815
234,0.095800781,0.036676261
235,0.0921875,0.038112095
236,0.091845703,0.041288763
237,0.090039063,0.038342485
238,0.090820313,0.042213601
239,0.091210938,0.043194983
240,0.093115234,0.037939202
241,0.091552734,0.042075708
242,0.091552734,0.03982307
243,0.091552734,0.038599088
244,0.089453125,0.038202072
245,0.091357422,0.036713718
246,0.089111328,0.039993334
247,0.087939453,0.039497366
248,0.088574219,0.037331776
249,0.089111328,0.041386697
250,0.08515625,0.040301517
251,0.088378906,0.039204454
252,0.086474609,0.038170635
253,0.083105469,0.034090844
254,0.086376953,0.040464613
255,0.084033203,0.039842344
256,0.086816406,0.037840883
257,0.086914063,0.039436684
258,0.081445313,0.039296661
259,0.087353516,0.035827635
260,0.084716797,0.042853878
261,0.0875,0.040297731
262,0.083886719,0.040185755
263,0.086035156,0.041967085
264,0.086523438,0.040068111
265,0.083984375,0.045233401
266,0.078662109,0.038860838
267,0.082763672,0.042837741
268,0.082617188,0.04177234
269,0.082666016,0.042977655
270,0.080810547,0.039270837
271,0.078515625,0.040321981
272,0.082177734,0.038069063
273,0.081005859,0.041763578
274,0.078222656,0.04060187
275,0.078173828,0.037157177
276,0.082763672,0.039707955
277,0.074658203,0.042317649
278,0.077490234,0.038882673
279,0.075878906,0.039077268
280,0.075634766,0.040400339
281,0.076953125,0.040565094
282,0.07734375,0.041947423
283,0.077148438,0.037838489
284,0.074414063,0.040207345
285,0.072167969,0.039131287
286,0.074658203,0.043440816
287,0.071289063,0.037786786
288,0.072119141,0.036525298
289,0.069824219,0.039893504
290,0.071435547,0.042998176
291,0.072070313,0.042504147
292,0.069091797,0.038869304
293,0.069042969,0.035817485
294,0.066992188,0.03942447
295,0.068945313,0.040463051
296,0.068115234,0.037421112
297,0.063134766,0.036215231
298,0.065429688,0.039192289
299,0.068847656,0.037853608
300,0.066943359,0.036843368
301,0.063525391,0.035882825
302,0.066064453,0.040167507
303,0.063037109,0.042604015
304,0.067431641,0.041721883
305,0.065429688,0.040080723
306,0.065722656,0.04106396
307,0.066259766,0.041860856
308,0.062548828,0.038829536
309,0.066015625,0.039408139
310,0.064599609,0.036892258
311,0.0640625,0.038403126
312,0.063623047,0.037401228
313,0.061767578,0.034782114
314,0.064013672,0.036865364
315,0.064453125,0.036899334
316,0.064160156,0.03895444
317,0.068798828,0.037573837
318,0.065185547,0.039508109
319,0.062011719,0.039652526
320,0.063623047,0.035351057
321,0.064160156,0.040137313
322,0.061962891,0.039146303
323,0.060449219,0.036724983
324,0.059814453,0.038034101
325,0.059960938,0.039880833
326,0.061181641,0.0338362
327,0.059082031,0.037092667
328,0.059472656,0.037849703
329,0.06328125,0.039079098
330,0.061083984,0.04086564
331,0.059619141,0.0366305
332,0.062597656,0.039243234
333,0.062988281,0.039535708
334,0.059863281,0.038732247
335,0.057958984,0.039723443
336,0.059667969,0.037858521
337,0.058837891,0.039475508
338,0.056738281,0.039102031
339,0.056494141,0.037867494
340,0.058935547,0.038403282
341,0.058251953,0.039186844
342,0.060205078,0.035989376
343,0.054248047,0.040845799
344,0.058740234,0.037545018
345,0.055517578,0.037087557
346,0.060205078,0.038828062
347,0.057763672,0.038408869
348,0.057373047,0.040001084
349,0.054541016,0.03928407
350,0.057421875,0.038146111
351,0.054833984,0.03896108
352,0.057958984,0.039299847
353,0.055615234,0.039110353
354,0.053613281,0.040582488
355,0.054638672,0.03843704
356,0.055859375,0.041059315
357,0.052197266,0.038319627
358,0.053125,0.039313646
359,0.053515625,0.037251859
360,0.056054688,0.039828788
361,0.055957031,0.041277646
362,0.050292969,0.037810755
363,0.052050781,0.041059315
364,0.053857422,0.040973198
365,0.051660156,0.042120195
366,0.053808594,0.040500744
367,0.052636719,0.041213252
368,0.052148438,0.042012509
369,0.052050781,0.040805942
370,0.051708984,0.03835694
371,0.05390625,0.04287165
372,0.048925781,0.040195839
373,0.051220703,0.040554661
374,0.049121094,0.036436514
375,0.051318359,0.039402482
376,0.051269531,0.043222131
377,0.052050781,0.038853935
378,0.051611328,0.04000752
379,0.049316406,0.037571013
380,0.048388672,0.039845934
381,0.050634766,0.042997067
382,0.050976563,0.040671923
383,0.048583984,0.041131283
384,0.053076172,0.039821155
385,0.047558594,0.04146149
386,0.052441406,0.042451386
387,0.050341797,0.042891805
388,0.051171875,0.042015346
389,0.047509766,0.040828635
390,0.049511719,0.037533681
391,0.048583984,0.044769426
392,0.049951172,0.041836928
393,0.049023438,0.044342928
394,0.049951172,0.039837317
395,0.047949219,0.04258462
396,0.047509766,0.04192744
397,0.049414063,0.039954894
398,0.048144531,0.041599843
399,0.047900391,0.042410508
400,0.050244141,0.043385348
401,0.048193359,0.040711092
402,0.047558594,0.043863422
403,0.049121094,0.041211747
404,0.048242188,0.040239708
405,0.047753906,0.040572499
406,0.046142578,0.041653711
407,0.049365234,0.0438157
408,0.046533203,0.040642514
409,0.045361328,0.040551721
410,0.049023438,0.042297784
411,0.047412109,0.041025767
412,0.045263672,0.043048604
413,0.048242188,0.043545709
414,0.047216797,0.039672393
415,0.047070313,0.044097609
416,0.048730469,0.043542972
417,0.046044922,0.042908811
418,0.046630859,0.039333926
419,0.045263672,0.044324025
420,0.047265625,0.041277993
421,0.046289063,0.044760133
422,0.048681641,0.042154285
423,0.047705078,0.046245184
424,0.044970703,0.040921028
425,0.044580078,0.043360942
426,0.046875,0.044262096
427,0.046289063,0.04340477
428,0.044628906,0.044448723
429,0.043603516,0.044096988
430,0.04453125,0.044281376
431,0.044042969,0.04420863
432,0.044580078,0.040780138
433,0.045117188,0.043162626
434,0.046728516,0.04261722
435,0.044433594,0.045103023
436,0.043994141,0.044951825
437,0.043457031,0.040163915
438,0.044677734,0.041167785
439,0.042626953,0.040575584
440,0.042529297,0.043973217
441,0.047167969,0.044281053
442,0.040722656,0.035384189
443,0.043408203,0.041676142
444,0.045166016,0.041882607
445,0.045166016,0.041632527
446,0.045214844,0.04146034
447,0.043359375,0.045493979
448,0.041748047,0.038822658
449,0.041796875,0.043339575
450,0.04453125,0.041417534
451,0.043115234,0.041384853
452,0.041992188,0.044417494
453,0.044628906,0.044316574
454,0.044433594,0.040039658
455,0.044189453,0.045493691
456,0.0421875,0.041342863
457,0.045654297,0.042580393
458,0.045898438,0.040394761
459,0.043505859,0.040464024
460,0.044384766,0.042313705
461,0.043164063,0.045532429
462,0.042626953,0.042435012
463,0.042480469,0.041648988
464,0.041845703,0.040149696
465,0.044091797,0.04187737
466,0.042919922,0.043700735
467,0.042285156,0.041756013
468,0.043847656,0.044124958
469,0.043945313,0.042285269
470,0.041943359,0.044166895
471,0.043457031,0.042098793
472,0.041503906,0.044272868
473,0.041064453,0.045844097
474,0.041064453,0.043190374
475,0.039746094,0.041015741
476,0.042138672,0.041368719
477,0.041943359,0.044957659
478,0.041503906,0.045121521
479,0.040673828,0.04539758
480,0.042138672,0.041580266
481,0.040625,0.046268765
482,0.041552734,0.045829533
483,0.042773438,0.044760346
484,0.040771484,0.04297832
485,0.041992188,0.044653047
486,0.040722656,0.041357278
487,0.041650391,0.042656363
488,0.040917969,0.040625352
489,0.040136719,0.040508396
490,0.039013672,0.040985067
491,0.038378906,0.042951102
492,0.039794922,0.043486236
493,0.039697266,0.043725061
494,0.039794922,0.040033852
495,0.040478516,0.044052306
496,0.040478516,0.044457974
497,0.0390625,0.04446524
498,0.040087891,0.043371608
499,0.039257813,0.043929142
500,0.037402344,0.04532197
501,0.037890625,0.046244746
502,0.038378906,0.045466405
503,0.039355469,0.043237684
504,0.040527344,0.046314706
505,0.039550781,0.04542538
506,0.038330078,0.041125486
507,0.038183594,0.044167084
508,0.038867188,0.043641091
509,0.038574219,0.043586863
510,0.040380859,0.042608268
511,0.039404297,0.041235373
512,0.039794922,0.043788375
513,0.039111328,0.044813713
514,0.038867188,0.043600645
515,0.035888672,0.039612973
516,0.037695313,0.042414078
517,0.038623047,0.042763766
518,0.039746094,0.045173379
519,0.040673828,0.043741416
520,0.037060547,0.040380859
521,0.039306641,0.044527529
522,0.039208984,0.043744141
523,0.038085938,0.042024538
524,0.0375,0.039731695
525,0.036376953,0.039969482
526,0.035546875,0.042209535
527,0.037695313,0.039252954
528,0.033984375,0.03862067
529,0.035595703,0.03820747
530,0.035205078,0.041230401
531,0.034619141,0.036578393
532,0.030957031,0.032515425
533,0.031689453,0.033514346
534,0.032910156,0.03199431
535,0.029394531,0.027847275
536,0.029638672,0.031944231
537,0.031347656,0.032638086
538,0.030615234,0.027340306
539,0.031298828,0.027200772
540,0.029492188,0.025376724
541,0.028564453,0.024611748
542,0.027783203,0.024440854
543,0.027441406,0.024029987
544,0.026660156,0.025711798
545,0.026757813,0.024427535
546,0.025927734,0.019972374
547,0.028027344,0.026896453
548,0.027490234,0.019761883
549,0.027294922,0.022447612
550,0.024414063,0.017742826
551,0.021191406,0.017966096
552,0.026708984,0.020006486
553,0.02421875,0.016298942
554,0.024072266,0.019346107
555,0.026123047,0.016496754
556,0.023095703,0.017948637
557,0.024121094,0.018050827
558,0.021289063,0.01719998
559,0.021191406,0.015360617
560,0.020410156,0.013224762
561,0.020507813,0.01499429
562,0.022314453,0.016448702
563,0.020166016,0.012957498
564,0.019775391,0.009754021
565,0.022119141,0.015698147
566,0.019726563,0.01321827
567,0.018847656,0.009658099
568,0.018847656,0.012271704
569,0.018310547,0.012661934
570,0.021923828,0.015622635
571,0.023193359,0.017410839
572,0.018652344,0.013054197
573,0.018164063,0.01226704
574,0.018896484,0.013051001
575,0.020068359,0.013243948
576,0.01953125,0.011478245
577,0.019482422,0.011871261
578,0.021044922,0.011008441
579,0.022753906,0.012609007
580,0.02265625,0.012761247
581,0.019873047,0.01058805
582,0.021582031,0.012189049
583,0.020117188,0.010607735
584,0.022167969,0.011283841
585,0.018896484,0.010344305
586,0.018164063,0.006789743
587,0.016845703,0.008974949
588,0.015283203,0.007695814
589,0.016992188,0.00931018
590,0.019091797,0.008556633
591,0.017480469,0.008717701
592,0.016259766,0.006565704
593,0.014501953,0.006957108
594,0.016015625,0.008877592
595,0.016455078,0.008185231
596,0.017041016,0.007104282
597,0.016503906,0.00852411
598,0.014208984,0.006379316
599,0.016699219,0.009279399
600,0.016992188,0.007914977
601,0.017480469,0.005886979
602,0.017626953,0.006390518
603,0.016113281,0.005698474
604,0.016943359,0.006874369
605,0.016699219,0.00635066
606,0.016748047,0.011848343
607,0.014306641,0.007993658
608,0.015966797,0.007004922
609,0.015429688,0.008409785
610,0.015136719,0.006332614
611,0.016992188,0.008408651
612,0.01640625,0.008203125
613,0.01328125,0.0046875
614,0.016748047,0.006503679
615,0.014892578,0.006404679
616,0.015039063,0.007942041
617,0.0140625,0.008328882
618,0.015039063,0.00512951
619,0.015283203,0.009400016
620,0.015869141,0.00630715
621,0.015478516,0.005433103
622,0.014160156,0.007775793
623,0.013574219,0.004964166
624,0.017236328,0.005231906
625,0.013964844,0.008246606
626,0.014550781,0.006417881
627,0.014941406,0.005177623
628,0.012158203,0.005052944
629,0.013085938,0.005262576
630,0.014453125,0.004770185
631,0.015380859,0.00467961
632,0.014355469,0.005464389
633,0.013525391,0.005648255
634,0.015478516,0.007202935
635,0.015039063,0.00617169
636,0.016064453,0.006154862
637,0.016064453,0.005465479
638,0.016210938,0.005751779
639,0.013720703,0.003999438
640,0.013769531,0.004697662
641,0.015576172,0.004046847
642,0.013964844,0.005499183
643,0.014648438,0.004873037
644,0.015820313,0.003719921
645,0.013720703,0.005443624
646,0.012011719,0.003931801
647,0.012744141,0.003859893
648,0.014794922,0.004637644
649,0.013330078,0.005896085
650,0.016943359,0.006769523
651,0.013525391,0.004878172
652,0.013525391,0.005411117
653,0.013818359,0.007295026
654,0.015576172,0.00684796
655,0.013574219,0.004872058
656,0.013525391,0.006521983
657,0.013134766,0.006632182
658,0.012255859,0.003890655
659,0.011181641,0.003759766
660,0.014013672,0.00373176
661,0.012011719,0.004497492
662,0.013671875,0.003857113
663,0.013183594,0.00436732
664,0.012255859,0.003890655
665,0.01171875,0.003869456
666,0.013671875,0.005060253
667,0.010742188,0.004642525
668,0.011132813,0.005045153
669,0.012646484,0.005456748
670,0.0125,0.003291465
671,0.012597656,0.00584634
672,0.014794922,0.004501995
673,0.011425781,0.003058684
674,0.012207031,0.004984297
675,0.012939453,0.003158768
676,0.013574219,0.003485658
677,0.012060547,0.0048043
678,0.012304688,0.005830005
679,0.011767578,0.003721523
680,0.013085938,0.004277968
681,0.012597656,0.002992491
682,0.015136719,0.005723523
683,0.013378906,0.005259857
684,0.011865234,0.003187321
685,0.01171875,0.002226905
686,0.012451172,0.005075542
687,0.011621094,0.0042891
688,0.011767578,0.003695808
689,0.011572266,0.004301589
690,0.013037109,0.006392756
691,0.011035156,0.004560662
692,0.014697266,0.005599077
693,0.011132813,0.004600221
694,0.011669922,0.003828885
695,0.012207031,0.002978115
696,0.010351563,0.003381502
697,0.011572266,0.003857422
698,0.0125,0.003515625
699,0.012304688,0.00512486
700,0.011621094,0.004187848
701,0.012841797,0.006283669
702,0.011865234,0.00389433
703,0.013964844,0.004422653
704,0.013623047,0.005448002
705,0.012011719,0.002482083
706,0.011914063,0.003481551
707,0.011767578,0.003896778
708,0.011523438,0.004765185
709,0.012402344,0.00411549
710,0.012939453,0.004069173
711,0.010791016,0.004052734
712,0.011181641,0.002669519
713,0.012109375,0.003780949
714,0.009375,0.004294655
715,0.009716797,0.003669914
716,0.011083984,0.002994482
717,0.011425781,0.002271426
718,0.011523438,0.004401037
719,0.012548828,0.003725365
720,0.011914063,0.003112769
721,0.0125,0.001979798
722,0.011572266,0.001329166
723,0.010742188,0.002441406
724,0.010839844,0.003259437
725,0.008886719,0.001987011
726,0.011279297,0.003114683
727,0.01171875,0.001813884
728,0.01171875,0.003318876
729,0.010400391,0.004637644
730,0.008496094,0.002520212
731,0.011669922,0.004461566
732,0.011181641,0.00534194
733,0.010986328,0.002039707
734,0.012353516,0.002480642
735,0.011083984,0.003261266
736,0.010498047,0.002915411
737,0.0109375,0.004241026
738,0.010107422,0.003647758
739,0.009863281,0.003953571
740,0.010742188,0.004143204
741,0.011132813,0.004159285
742,0.011230469,0.005041371
743,0.01015625,0.00235997
744,0.010400391,0.00298651
745,0.011621094,0.00235997
746,0.009570313,0.002050781
747,0.010742188,0.003594758
748,0.010253906,0.002762136
749,0.009716797,0.003483263
750,0.011425781,0.002890361
751,0.009960938,0.002185843
752,0.009375,0.001744196
753,0.009570313,0.003143257
754,0.009960938,0.003398381
755,0.011865234,0.004103015
756,0.010449219,0.003291465
757,0.010107422,0.003673809
758,0.008935547,0.00384504
759,0.011230469,0.004877927
760,0.009667969,0.002439452
761,0.010058594,0.003334643
762,0.0109375,0.002576349
763,0.0109375,0.002050781
764,0.0109375,0.002003739
765,0.009765625,0.002896953
766,0.011865234,0.002921946
767,0.008740234,0.00351732
768,0.011279297,0.002766017
769,0.009472656,0.003495221
770,0.010400391,0.00333357
771,0.009960938,0.003814849
772,0.010888672,0.004257017
773,0.010400391,0.003126907
774,0.010058594,0.002848819
775,0.011816406,0.003539955
776,0.009667969,0.002672643
777,0.010546875,0.003980016
778,0.010498047,0.003370556
779,0.011083984,0.002602589
780,0.011035156,0.003986002
781,0.009277344,0.00384473
782,0.010693359,0.003129955
783,0.010009766,0.002004334
784,0.012255859,0.002396561
785,0.011230469,0.005153623
786,0.010009766,0.003035602
787,0.011474609,0.004086713
788,0.011962891,0.002824022
789,0.008984375,0.001931027
790,0.008886719,0.003162917
791,0.011816406,0.004682411
792,0.011816406,0.003941491
793,0.011474609,0.003589781
794,0.010107422,0.002656986
795,0.011230469,0.001878455
796,0.008398438,0.002114884
797,0.010009766,0.002907222
798,0.010107422,0.002342224
799,0.011279297,0.001845806
800,0.010742188,0.004239901
801,0.010595703,0.00164935
802,0.010546875,0.003011552
803,0.010986328,0.001402481
804,0.010058594,0.003120419
805,0.012011719,0.002443359
806,0.010742188,0.003403989
807,0.010107422,0.00307307
808,0.012207031,0.003887896
809,0.011865234,0.003187321
810,0.009814453,0.002018557
811,0.010498047,0.002374574
812,0.009863281,0.002137311
813,0.009814453,0.003669914
814,0.008935547,0.00361493
815,0.012353516,0.002441894
816,0.009033203,0.002323829
817,0.008935547,0.003119273
818,0.007763672,0.002315607
819,0.007666016,0.002528241
820,0.009960938,0.003003624
821,0.009033203,0.002414401
822,0.009375,0.00248784
823,0.009570313,0.003870688
824,0.008691406,0.002126127
825,0.010742188,0.002855506
826,0.009570313,0.001829589
827,0.007958984,0.002128929
828,0.007958984,0.002184206
829,0.008935547,0.003354958
830,0.009179688,0.001863163
831,0.009521484,0.002240248
832,0.007910156,0.002645746
833,0.009375,0.004474106
834,0.008984375,0.002085367
835,0.010351563,0.00379982
836,0.010205078,0.003264188
837,0.008105469,0.001547166
838,0.007910156,0.00210358
839,0.008251953,0.002252983
840,0.008496094,0.002015602
841,0.010205078,0.003591109
842,0.009277344,0.002872156
843,0.009423828,0.002238118
844,0.009863281,0.002591113
845,0.008984375,0.003674783
846,0.008544922,0.002463281
847,0.007910156,0.001798042
848,0.009423828,0.0021177
849,0.009814453,0.002386592
850,0.008300781,0.002499313
851,0.006933594,0.002277716
852,0.007421875,0.002794744
853,0.007958984,0.003340715
854,0.007128906,0.002292323
855,0.008056641,0.003151211
856,0.008056641,0.002996074
857,0.009667969,0.002439452
858,0.008105469,0.001607625
859,0.007080078,0.002261433
860,0.007226563,0.002057745
861,0.007763672,0.00317533
862,0.008447266,0.001292793
863,0.008740234,0.003091634
864,0.008300781,0.002656537
865,0.008251953,0.00281726
866,0.008154297,0.002461344
867,0.006103516,0.00157844
868,0.008105469,0.003089705
869,0.007910156,0.002777629
870,0.009521484,0.003320672
871,0.007861328,0.003029312
872,0.008496094,0.002423764
873,0.007226563,0.00288706
874,0.006982422,0.0029705
875,0.008789063,0.001813884
876,0.0078125,0.001415174
877,0.006884766,0.002474868
878,0.008935547,0.00250931
879,0.007666016,0.002930094
880,0.007080078,0.002197266
881,0.009179688,0.002256684
882,0.006591797,0.001220703
883,0.008886719,0.003063357
884,0.007861328,0.002981716
885,0.007568359,0.002027984
886,0.010107422,0.004189271
887,0.007519531,0.002529655
888,0.007421875,0.001616499
889,0.008007813,0.002906812
890,0.006982422,0.002259323
891,0.006982422,0.002001953
892,0.007226563,0.002811754
893,0.006982422,0.002301147
894,0.008886719,0.003117361
895,0.008496094,0.0035828
896,0.008349609,0.001753059
897,0.006542969,0.001665891
898,0.007617188,0.001855469
899,0.008886719,0.002022687
900,0.007324219,0.002001358
901,0.007568359,0.003306281
902,0.008300781,0.002709851
903,0.008203125,0.003633023
904,0.0078125,0.002372062
905,0.007128906,0.003412384
906,0.006835938,0.002872156
907,0.007177734,0.001941494
908,0.008349609,0.002030334
909,0.006054688,0.001816511
910,0.008007813,0.003508837
911,0.007519531,0.001607625
912,0.007128906,0.001484246
913,0.009619141,0.002954404
914,0.007861328,0.002356431
915,0.00859375,0.002640333
916,0.009472656,0.002557774
917,0.008886719,0.002256684
918,0.008007813,0.003661784
919,0.008056641,0.001881626
920,0.008886719,0.002256684
921,0.008496094,0.003269662
922,0.007568359,0.002755655
923,0.008886719,0.001938421
924,0.009130859,0.003354958
925,0.007519531,0.002096769
926,0.009179688,0.001784733
927,0.009179688,0.002181475
928,0.007910156,0.002944299
929,0.007128906,0.001829589
930,0.006396484,0.001611328
931,0.008007813,0.003262362
932,0.008447266,0.002216711
933,0.007666016,0.003813911
934,0.008886719,0.002419827
935,0.008056641,0.002874231
936,0.009179688,0.00296045
937,0.007275391,0.001455864
938,0.006103516,0.002062952
939,0.007373047,0.00181979
940,0.006884766,0.003455776
941,0.006445313,0.001757813
942,0.006689453,0.001904297
943,0.007128906,0.002529655
944,0.008349609,0.003256876
945,0.006494141,0.003494197
946,0.007763672,0.002231718
947,0.007128906,0.002746555
948,0.00703125,0.002729138
949,0.007275391,0.001405877
950,0.006152344,0.001694273
951,0.008203125,0.002803262
952,0.006933594,0.002468599
953,0.007421875,0.002708091
954,0.008251953,0.003322107
955,0.008154297,0.002083651
956,0.007470703,0.002762567
957,0.008935547,0.002013827
958,0.007177734,0.002736554
959,0.007763672,0.002053686
960,0.007714844,0.00318545
961,0.0078125,0.002921538
962,0.008251953,0.002188568
963,0.007763672,0.002006711
964,0.008203125,0.002769033
965,0.009375,0.00288706
966,0.007568359,0.00279858
967,0.00703125,0.001931027
968,0.007080078,0.002313546
969,0.007324219,0.002602131
970,0.006689453,0.00332641
971,0.007763672,0.002006711
972,0.0078125,0.002683326
973,0.008496094,0.003391358
974,0.00625,0.001744196
975,0.00703125,0.002039122
976,0.00703125,0.001622387
977,0.007910156,0.003646124
978,0.007519531,0.003694195
979,0.009228516,0.003766102
980,0.008496094,0.002658332
981,0.008984375,0.002413908
982,0.006982422,0.002913775
983,0.008740234,0.002696179
984,0.007080078,0.002832452
985,0.007519531,0.002185843
986,0.008154297,0.002037368
987,0.008007813,0.001829589
988,0.006396484,0.002416376
989,0.007421875,0.002267224
990,0.009228516,0.002336108
991,0.005859375,0.001839985
992,0.006689453,0.002106412
993,0.00703125,0.003027344
994,0.006982422,0.002140098
995,0.006005859,0.002311484
996,0.007763672,0.002757384
997,0.006884766,0.00128168
998,0.007519531,0.001708287
999,0.007763672,0.002550773
1000,0.007177734,0.002779774
1001,0.006933594,0.002137311
1002,0.007470703,0.002771184
1003,0.007910156,0.002126127
1004,0.006445313,0.001771324
1005,0.006298828,0.00282571
1006,0.008251953,0.003137563
1007,0.007861328,0.004023212
1008,0.00703125,0.00176323
1009,0.007568359,0.001385377
1010,0.007714844,0.002699272
1011,0.008300781,0.002629475
1012,0.006982422,0.001236229
1013,0.006835938,0.002611278
1014,0.007080078,0.002131167
1015,0.006787109,0.002252983
1016,0.008154297,0.003588452
1017,0.00625,0.00271688
1018,0.006445313,0.002820221
1019,0.007128906,0.002096769
1020,0.007617188,0.002873816
1021,0.006201172,0.002195094
1022,0.006982422,0.002471012
1023,0.008300781,0.00251832
1024,0.005859375,0.001448476
1025,0.005859375,0.002279808
1026,0.007470703,0.002216711
1027,0.006396484,0.002315607
1028,0.006298828,0.002294922
1029,0.008300781,0.003304477
1030,0.007421875,0.0027862
1031,0.00703125,0.002313031
1032,0.007714844,0.003586791
1033,0.006689453,0.002528241
1034,0.00625,0.001875915
1035,0.009228516,0.00317533
1036,0.006787109,0.002416376
1037,0.005615234,0.001763905
1038,0.0078125,0.003179457
1039,0.007958984,0.001801354
1040,0.007568359,0.003980316
1041,0.005566406,0.001955565
1042,0.006738281,0.001324674
1043,0.008056641,0.001830241
1044,0.007128906,0.002174908
1045,0.007470703,0.002674872
1046,0.008154297,0.002490234
1047,0.009326172,0.004111143
1048,0.006835938,0.002351874
1049,0.008398438,0.003244775
1050,0.007080078,0.001722879
1051,0.007470703,0.003018273
1052,0.006054688,0.002798154
1053,0.007910156,0.00203444
1054,0.006494141,0.00187909
1055,0.007128906,0.002685103
1056,0.006640625,0.003460946
1057,0.007470703,0.001941494
1058,0.006005859,0.002321776
1059,0.007177734,0.00164935
1060,0.007958984,0.003018273
1061,0.007910156,0.00221402
1062,0.006445313,0.002803262
1063,0.006396484,0.002465216
1064,0.006640625,0.002472459
1065,0.007763672,0.002099609
1066,0.007861328,0.003052832
1067,0.006835938,0.003009968
1068,0.006005859,0.002412426
1069,0.006982422,0.001620182
1070,0.005810547,0.00214455
1071,0.006445313,0.002390086
1072,0.006591797,0.002492148
1073,0.006445313,0.00154099
1074,0.00703125,0.001451765
1075,0.005908203,0.002800283
1076,0.005371094,0.001291871
1077,0.005371094,0.002194551
1078,0.006201172,0.002083651
1079,0.007519531,0.002763862
1080,0.006347656,0.001813884
1081,0.007226563,0.002380089
1082,0.006542969,0.002594791
1083,0.006396484,0.001519959
1084,0.006054688,0.001331854
1085,0.007617188,0.002585586
1086,0.006738281,0.001888582
1087,0.005517578,0.002060639
1088,0.006689453,0.00178807
1089,0.006542969,0.0031051
1090,0.008056641,0.002097337
1091,0.004931641,0.001640654
1092,0.006591797,0.00239457
1093,0.006103516,0.002384593
1094,0.005224609,0.002280331
1095,0.006884766,0.002376581
1096,0.004541016,0.001311106
1097,0.006054688,0.0017767
1098,0.006640625,0.002073902
1099,0.005615234,0.001750337
1100,0.005615234,0.001790734
1101,0.006982422,0.002451639
1102,0.006054688,0.001931027
1103,0.00546875,0.001130453
1104,0.005615234,0.001919262
1105,0.004833984,0.001551014
1106,0.00546875,0.001231398
1107,0.004833984,0.001845806
1108,0.005175781,0.002413908
1109,0.005273438,0.00125061
1110,0.005664063,0.002323316
1111,0.006298828,0.002436029
1112,0.005566406,0.001829589
1113,0.00625,0.001231398
1114,0.005810547,0.002651596
1115,0.005859375,0.002847144
1116,0.005712891,0.002095062
1117,0.006005859,0.001449299
1118,0.004736328,0.00169216
1119,0.006689453,0.002083651
1120,0.006542969,0.002746555
1121,0.006005859,0.002173263
1122,0.005615234,0.002414401
1123,0.005761719,0.001950682
1124,0.006689453,0.001990008
1125,0.005029297,0.001605399
1126,0.005908203,0.002099609
1127,0.004589844,0.001577685
1128,0.004785156,0.001571629
1129,0.00703125,0.002413908
1130,0.006494141,0.001529342
1131,0.006640625,0.001803338
1132,0.005810547,0.001982807
1133,0.006103516,0.002131167
1134,0.006005859,0.002128929
1135,0.005615234,0.002364512
1136,0.005761719,0.001616499
1137,0.006054688,0.001749656
1138,0.005078125,0.002995676
1139,0.005761719,0.001631181
1140,0.005517578,0.001916776
1141,0.006298828,0.002242375
1142,0.005761719,0.001461585
1143,0.004248047,0.001481835
1144,0.006103516,0.001652239
1145,0.006591797,0.002865924
1146,0.005322266,0.002633552
1147,0.005371094,0.001774014
1148,0.006835938,0.003216732
1149,0.006591797,0.002097337
1150,0.006494141,0.0017612
1151,0.006298828,0.002065262
1152,0.005175781,0.001893625
1153,0.006542969,0.0017767
1154,0.005126953,0.001436078
1155,0.004248047,0.001329166
1156,0.005419922,0.001858678
1157,0.006152344,0.001680142
1158,0.005419922,0.002336108
1159,0.006054688,0.002130608
1160,0.005371094,0.001677301
1161,0.005615234,0.001722879
1162,0.005957031,0.001998974
1163,0.006005859,0.001465657
1164,0.005419922,0.001318359
1165,0.005664063,0.001708287
1166,0.006005859,0.00174761
1167,0.005419922,0.001711772
1168,0.006103516,0.002613559
1169,0.005859375,0.001000679
1170,0.006152344,0.001418539
1171,0.006201172,0.002528241
1172,0.005273438,0.001850322
1173,0.006494141,0.002095062
1174,0.005908203,0.002155639
1175,0.006494141,0.001216791
1176,0.005322266,0.002099609
1177,0.006787109,0.002941464
1178,0.004882813,0.001273282
1179,0.006494141,0.001590478
1180,0.005615234,0.001843221
1181,0.006201172,0.002321776
1182,0.005224609,0.001449299
1183,0.005908203,0.00085832
1184,0.006005859,0.001025391
1185,0.006640625,0.001005433
1186,0.005761719,0.002137311
1187,0.007617188,0.002915002
1188,0.005419922,0.00214455
1189,0.005419922,0.001884158
1190,0.006103516,0.002119951
1191,0.006494141,0.002788338
1192,0.006591797,0.00239457
1193,0.005419922,0.00195861
1194,0.005078125,0.002119388
1195,0.006591797,0.001736662
1196,0.005566406,0.001694273
1197,0.005419922,0.002766017
1198,0.005419922,0.001766607
1199,0.005615234,0.001777371
1200,0.005615234,0.002313546
1201,0.004931641,0.001204977
1202,0.006201172,0.002674872
1203,0.005761719,0.001824369
1204,0.005712891,0.002602589
1205,0.005859375,0.002411931
1206,0.004589844,0.001735975
1207,0.006152344,0.003011552
1208,0.005566406,0.001842574
1209,0.004980469,0.00254469
1210,0.005810547,0.001262941
1211,0.005175781,0.002152872
1212,0.004833984,0.002133404
1213,0.005029297,0.00249979
1214,0.005078125,0.001295557
1215,0.005712891,0.002762567
1216,0.005126953,0.002197266
1217,0.003759766,0.001620182
1218,0.005322266,0.001455864
1219,0.005957031,0.002478238
1220,0.004833984,0.001832844
1221,0.005517578,0.00187909
1222,0.005371094,0.002638527
1223,0.006982422,0.00222744
1224,0.006738281,0.002277716
1225,0.005615234,0.001968325
1226,0.005615234,0.001856111
1227,0.005224609,0.001197036
1228,0.005615234,0.001332748
1229,0.005566406,0.001694273
1230,0.004833984,0.00124392
1231,0.005273438,0.001461585
1232,0.003857422,0.001697787
1233,0.004541016,0.001929174
1234,0.004052734,0.002049037
1235,0.005126953,0.002374574
1236,0.005517578,0.001720109
1237,0.005664063,0.001331854
1238,0.005371094,0.002321263
1239,0.006201172,0.001274218
1240,0.004833984,0.001185025
1241,0.005761719,0.001674456
1242,0.004541016,0.000874828
1243,0.005273438,0.002148438
1244,0.005419922,0.002484483
1245,0.006005859,0.002342224
1246,0.005029297,0.001346984
1247,0.004833984,0.001581458
1248,0.004785156,0.001571629
1249,0.005078125,0.00176323
1250,0.005517578,0.001929174
1251,0.004882813,0.001589729
1252,0.004833984,0.00195861
1253,0.005761719,0.001875915
1254,0.005419922,0.001832844
1255,0.005957031,0.002235454
1256,0.005908203,0.001551014
1257,0.005078125,0.001906174
1258,0.006152344,0.001637017
1259,0.005712891,0.001497838
1260,0.005273438,0.002203225
1261,0.006201172,0.00257496
1262,0.006201172,0.001346984
1263,0.005126953,0.002453583
1264,0.006542969,0.002229045
1265,0.006396484,0.002252983
1266,0.005322266,0.001626057
1267,0.004882813,0.002139541
1268,0.005810547,0.001581458
1269,0.004345703,0.001739406
1270,0.004638672,0.001419379
1271,0.006445313,0.002572645
1272,0.005322266,0.002065262
1273,0.006640625,0.001435248
1274,0.004931641,0.001455864
1275,0.005810547,0.002541409
1276,0.005126953,0.002119951
1277,0.005175781,0.001277021
1278,0.006542969,0.001790069
1279,0.006298828,0.002669519
1280,0.005957031,0.002609451
1281,0.004345703,0.002242375
1282,0.006103516,0.003082366
1283,0.005322266,0.002396561
1284,0.00546875,0.002057745
1285,0.005566406,0.001893625
1286,0.00546875,0.002224763
1287,0.005126953,0.001817167
1288,0.004443359,0.002757384
1289,0.004833984,0.003005608
1290,0.005810547,0.003099336
1291,0.005908203,0.003005608
1292,0.006298828,0.002884168
1293,0.006884766,0.003293275
1294,0.005273438,0.002192377
1295,0.00546875,0.004901332
1296,0.006640625,0.002557774
1297,0.007617188,0.004201489
1298,0.006787109,0.003137563
1299,0.007128906,0.003203363
1300,0.00546875,0.003665688
1301,0.00625,0.003200385
1302,0.006591797,0.003576473
1303,0.007275391,0.003695808
1304,0.0078125,0.005793905
1305,0.005859375,0.003354602
1306,0.006884766,0.004191547
1307,0.006298828,0.003329276
1308,0.006445313,0.00203444
1309,0.006787109,0.002651596
1310,0.007373047,0.004157278
1311,0.006689453,0.003362057
1312,0.005615234,0.003790082
1313,0.005712891,0.002872572
1314,0.007861328,0.002633552
1315,0.00625,0.001556385
1316,0.004541016,0.002162265
1317,0.006835938,0.002310969
1318,0.006445313,0.002439452
1319,0.004980469,0.001837391
1320,0.005859375,0.002290242
1321,0.006494141,0.003057514
1322,0.006054688,0.001384516
1323,0.005517578,0.002382592
1324,0.004833984,0.002396561
1325,0.006396484,0.002177647
1326,0.005712891,0.00174761
1327,0.006396484,0.001640654
1328,0.005810547,0.001535565
1329,0.006298828,0.002597087
1330,0.005078125,0.002313031
1331,0.005908203,0.001354045
1332,0.0046875,0.001829589
1333,0.005761719,0.001863163
1334,0.005859375,0.002508834
1335,0.005908203,0.001793395
1336,0.00625,0.001863163
1337,0.006201172,0.002930094
1338,0.00546875,0.002246094
1339,0.005273438,0.001556385
1340,0.005761719,0.001571629
1341,0.005175781,0.001384516
1342,0.004931641,0.001655122
1343,0.005859375,0.002290242
1344,0.005029297,0.002238118
1345,0.004833984,0.001766607
1346,0.004980469,0.001784733
1347,0.005175781,0.002658332
1348,0.004736328,0.001544853
1349,0.004101563,0.001117727
1350,0.005664063,0.001790069
1351,0.004394531,0.001691456
1352,0.005371094,0.00194088
1353,0.004443359,0.001683686
1354,0.005078125,0.001967719
1355,0.004443359,0.001535565
1356,0.005371094,0.003647432
1357,0.006445313,0.001493853
1358,0.004931641,0.002042043
1359,0.00546875,0.002478238
1360,0.004785156,0.001288174
1361,0.005371094,0.001512884
1362,0.005224609,0.001416016
1363,0.006347656,0.002048455
1364,0.004443359,0.001300149
1365,0.006054688,0.001694273
1366,0.005419922,0.003785046
1367,0.006396484,0.001669465
1368,0.006884766,0.002076774
1369,0.005029297,0.001904297
1370,0.006103516,0.002815567
1371,0.005273438,0.001913664
1372,0.005224609,0.00187909
1373,0.005175781,0.001577685
1374,0.004882813,0.001719416
1375,0.005078125,0.002096769
1376,0.004345703,0.0019464
1377,0.004882813,0.001346099
1378,0.004833984,0.00189677
1379,0.005761719,0.001837391
1380,0.005761719,0.001342551
1381,0.004394531,0.002172714
1382,0.006542969,0.003255046
1383,0.004736328,0.000927734
1384,0.005664063,0.002693968
1385,0.005126953,0.001468907
1386,0.005224609,0.00443799
1387,0.005712891,0.001311106
1388,0.00546875,0.001950682
1389,0.005371094,0.002300629
1390,0.004541016,0.002372565
1391,0.004980469,0.001556385
1392,0.006152344,0.002548435
1393,0.003515625,0.0014118
1394,0.004931641,0.001057442
1395,0.004443359,0.001224603
1396,0.004296875,0.001586726
1397,0.004052734,0.002049037
1398,0.004199219,0.0015625
1399,0.004150391,0.002039707
1400,0.005029297,0.000901669
1401,0.004492188,0.002516426
1402,0.004980469,0.002192377
1403,0.003076172,0.001529342
1404,0.004833984,0.001697787
1405,0.005566406,0.001955565
1406,0.005029297,0.002248746
1407,0.0046875,0.001651517
1408,0.00390625,0.001705493
1409,0.003466797,0.000912185
1410,0.005224609,0.002490234
1411,0.004199219,0.002073902
1412,0.004101563,0.001803338
1413,0.0046875,0.001855469
1414,0.004150391,0.001803999
1415,0.005273438,0.002148438
1416,0.003515625,0.001042683
1417,0.004882813,0.003679969
1418,0.005175781,0.002384093
1419,0.00546875,0.002235454
1420,0.005859375,0.001878455
1421,0.004785156,0.001231398
1422,0.005712891,0.002665944
1423,0.004589844,0.002130608
1424,0.005175781,0.001880992
1425,0.004638672,0.00103003
1426,0.003759766,0.001114523
1427,0.003857422,0.001057442
1428,0.004931641,0.001405877
1429,0.00546875,0.002235454
1430,0.005419922,0.00128168
1431,0.004150391,0.001830241
1432,0.005273438,0.001913664
1433,0.004345703,0.002076774
1434,0.004638672,0.002142325
1435,0.004443359,0.001871462
1436,0.004150391,0.002282421
1437,0.0046875,0.001735975
1438,0.003955078,0.001488257
1439,0.004589844,0.001258213
1440,0.003857422,0.00128168
1441,0.004248047,0.001497838
1442,0.004931641,0.001921745
1443,0.0046875,0.001435248
1444,0.003613281,0.001074219
1445,0.004638672,0.001419379
1446,0.004492188,0.001288174
1447,0.005615234,0.002443846
1448,0.005322266,0.002065262
1449,0.004052734,0.001274218
1450,0.006054688,0.001577685
1451,0.004052734,0.002372565
1452,0.005810547,0.00264259
1453,0.005566406,0.001074219
1454,0.005126953,0.002667732
1455,0.006542969,0.001790069
1456,0.005126953,0.001452585
1457,0.005908203,0.002006711
1458,0.004736328,0.00185354
1459,0.005224609,0.001364569
1460,0.004882813,0.001705493
1461,0.004980469,0.001998974
1462,0.005029297,0.001513672
1463,0.004345703,0.002336108
1464,0.004394531,0.00186572
1465,0.005371094,0.002341715
1466,0.004736328,0.001465657
1467,0.004785156,0.000840071
1468,0.004638672,0.001666606
1469,0.005322266,0.003045012
1470,0.005224609,0.00269264
1471,0.005419922,0.001982807
1472,0.005712891,0.001977991
1473,0.005078125,0.001484246
1474,0.004785156,0.002672643
1475,0.004248047,0.001904297
1476,0.004785156,0.001798042
1477,0.005615234,0.002539532
1478,0.004052734,0.000847136
1479,0.004052734,0.001364569
1480,0.004589844,0.001708287
1481,0.005419922,0.002416376
1482,0.003662109,0.001652239
1483,0.005517578,0.001432754
1484,0.004833984,0.002053686
1485,0.0046875,0.002323316
1486,0.006298828,0.001982807
1487,0.005810547,0.004242431
1488,0.004833984,0.001611328
1489,0.004492188,0.00154099
1490,0.005224609,0.002762567
1491,0.004589844,0.002229045
1492,0.004785156,0.001660156
1493,0.004345703,0.001766607
1494,0.003808594,0.001702695
1495,0.00390625,0.001497042
1496,0.005126953,0.002142325
1497,0.005029297,0.001197036
1498,0.004150391,0.001563263
1499,0.004980469,0.002181475
1500,0.004296875,0.002319207
1501,0.004736328,0.002352381
1502,0.004492188,0.001631181
1503,0.00390625,0.001965294
1504,0.004248047,0.002382592
1505,0.003613281,0.001277021
1506,0.004443359,0.00232588
1507,0.004589844,0.002955614
1508,0.004101563,0.001607625
1509,0.004296875,0.001288174
1510,0.003320313,0.001288174
1511,0.004248047,0.001929174
1512,0.004394531,0.001977388
1513,0.003759766,0.00156021
1514,0.004345703,0.00195861
1515,0.005029297,0.002025632
1516,0.004296875,0.000971667
1517,0.004101563,0.001622387
1518,0.003515625,0.001616499
1519,0.003222656,0.000931581
1520,0.003613281,0.001138858
1521,0.004150391,0.002027984
1522,0.003955078,0.00137154
1523,0.003076172,0.00164935
1524,0.003613281,0.001803338
1525,0.003955078,0.002884168
1526,0.003662109,0.002004334
1527,0.004345703,0.00128168
1528,0.004248047,0.002049037
1529,0.004443359,0.002188568
1530,0.004248047,0.001346984
1531,0.003320313,0.001288174
1532,0.003222656,0.001074219
1533,0.004638672,0.001419379
1534,0.003857422,0.002678435
1535,0.003808594,0.001192046
1536,0.004980469,0.001601682
1537,0.003710938,0.002271426
1538,0.004785156,0.002769033
1539,0.00546875,0.002478238
1540,0.005126953,0.002004334
1541,0.003417969,0.000873464
1542,0.004785156,0.001913664
1543,0.003808594,0.001171875
1544,0.004150391,0.001547936
1545,0.003857422,0.001551014
1546,0.004589844,0.001074219
1547,0.003466797,0.00114408
1548,0.003857422,0.001697787
1549,0.005322266,0.003083913
1550,0.003320313,0.001360194
1551,0.003466797,0.00128168
1552,0.003955078,0.001739406
1553,0.004248047,0.002422288
1554,0.003222656,0.001331854
1555,0.004541016,0.001497838
1556,0.003662109,0.001763905
1557,0.003564453,0.001329166
1558,0.004199219,0.0017767
1559,0.003564453,0.002037368
1560,0.003369141,0.002436029
1561,0.004101563,0.001435248
1562,0.0046875,0.001906174
1563,0.004541016,0.002060639
1564,0.004638672,0.001052923
1565,0.0046875,0.001651517
1566,0.004394531,0.002753491
1567,0.003564453,0.00178807
1568,0.004833984,0.001626057
1569,0.004492188,0.001306552
1570,0.004443359,0.001596463
1571,0.004785156,0.001509729
1572,0.006054688,0.001295557
1573,0.004003906,0.002811754
1574,0.005029297,0.001678012
1575,0.005078125,0.001531678
1576,0.005615234,0.001680851
1577,0.003662109,0.00125916
1578,0.004882813,0.001878455
1579,0.003955078,0.001994795
1580,0.004052734,0.00117695
1581,0.004638672,0.001817167
1582,0.004003906,0.001730473
1583,0.003759766,0.000927734
1584,0.004101563,0.001096189
1585,0.004785156,0.001824369
1586,0.004296875,0.002506933
1587,0.004492188,0.001888582
1588,0.003417969,0.00119604
1589,0.004492188,0.00210358
1590,0.00546875,0.001811254
1591,0.004150391,0.001332748
1592,0.003564453,0.001678012
1593,0.003808594,0.001744196
1594,0.005078125,0.001484246
1595,0.004101563,0.001500224
1596,0.003613281,0.001829589
1597,0.004833984,0.001711772
1598,0.003808594,0.001556385
1599,0.004248047,0.001465657
1600,0.004492188,0.002828662
1601,0.004199219,0.003334643
1602,0.004345703,0.001806641
1603,0.003222656,0.001592725
1604,0.005810547,0.001488257
1605,0.004052734,0.001255367
1606,0.006347656,0.001719416
1607,0.004882813,0.002470529
1608,0.004980469,0.001428588
1609,0.004638672,0.002443846
1610,0.005224609,0.002461344
1611,0.004882813,0.003088162
1612,0.006347656,0.001977388
1613,0.005029297,0.00164935
1614,0.003857422,0.001725644
1615,0.004443359,0.001832844
1616,0.005126953,0.002463281
1617,0.004248047,0.00249979
1618,0.004394531,0.00251832
1619,0.003955078,0.001079753
1620,0.003173828,0.001180995
1621,0.003222656,0.001239119
1622,0.003564453,0.001449299
1623,0.005078125,0.002755222
1624,0.004394531,0.001464844
1625,0.003808594,0.002057745
1626,0.005029297,0.001774686
1627,0.006347656,0.003072682
1628,0.005029297,0.002205929
1629,0.005859375,0.002372062
1630,0.004052734,0.001025391
1631,0.004199219,0.001880992
1632,0.003857422,0.00195861
1633,0.004443359,0.002678435
1634,0.004980469,0.002339677
1635,0.003662109,0.001532457
1636,0.004003906,0.001360194
1637,0.003417969,0.001328269
1638,0.003369141,0.001581458
1639,0.003808594,0.001950682
1640,0.004394531,0.000976563
1641,0.003613281,0.001418539
1642,0.004394531,0.002025043
1643,0.003759766,0.001544853
1644,0.004589844,0.001967719
1645,0.002734375,0.001531678
1646,0.00390625,0.001254417
1647,0.005029297,0.001025391
1648,0.004394531,0.001497042
1649,0.004785156,0.001211882
1650,0.004980469,0.001702695
1651,0.004052734,0.00156021
1652,0.004736328,0.002432111
1653,0.004248047,0.002049037
1654,0.004296875,0.001477807
1655,0.0046875,0.001708287
1656,0.004833984,0.001455864
1657,0.004638672,0.002016194
1658,0.004980469,0.002246094
1659,0.003466797,0.000937958
1660,0.004296875,0.002148438
1661,0.005517578,0.002311484
1662,0.004882813,0.002226905
1663,0.005175781,0.001880992
1664,0.005615234,0.001906799
1665,0.005078125,0.001790069
1666,0.004785156,0.002069299
1667,0.004052734,0.001432754
1668,0.003759766,0.001620182
1669,0.003613281,0.002323316
1670,0.005371094,0.001746928
1671,0.003857422,0.002210248
1672,0.004248047,0.001399077
1673,0.004882813,0.002139541
1674,0.005224609,0.001904297
1675,0.005712891,0.002162265
1676,0.005517578,0.00178807
1677,0.004980469,0.002288159
1678,0.005273438,0.00210358
1679,0.005273438,0.001360194
1680,0.004833984,0.002006711
1681,0.004833984,0.00253201
1682,0.005175781,0.002613103
1683,0.00546875,0.002419827
1684,0.005908203,0.002030334
1685,0.004150391,0.001314738
1686,0.004248047,0.0021177
1687,0.003857422,0.002252983
1688,0.005712891,0.002301147
1689,0.004736328,0.002025632
1690,0.004833984,0.002110934
1691,0.004980469,0.002114884
1692,0.004443359,0.001669465
1693,0.004101563,0.002152872
1694,0.004882813,0.001363695
1695,0.004980469,0.00321525
1696,0.0046875,0.002003739
1697,0.004931641,0.001504192
1698,0.004003906,0.001730473
1699,0.004833984,0.002513107
1700,0.004833984,0.002740037
1701,0.004150391,0.002738296
1702,0.004882813,0.002341715
1703,0.004248047,0.001513672
1704,0.004736328,0.002480642
1705,0.004589844,0.001918641
1706,0.002490234,0.00124392
1707,0.003369141,0.0019464
1708,0.003271484,0.001590478
1709,0.004052734,0.002629928
1710,0.003564453,0.001481835
1711,0.004248047,0.00117695
1712,0.004589844,0.001258213
1713,0.003564453,0.00169216
1714,0.003857422,0.001655122
1715,0.003466797,0.001224603
1716,0.004101563,0.001592725
1717,0.004541016,0.001465657
1718,0.003417969,0.001634102
1719,0.003271484,0.00169216
1720,0.003857422,0.00147215
1721,0.003662109,0.001532457
1722,0.003613281,0.001622387
1723,0.003466797,0.001204977
1724,0.003417969,0.001691456
1725,0.004052734,0.003149698
1726,0.005664063,0.00343328
1727,0.004199219,0.001384516
1728,0.005419922,0.003624152
1729,0.005712891,0.003501014
1730,0.006347656,0.003794797
1731,0.004785156,0.002845469
1732,0.004150391,0.003313484
1733,0.003759766,0.001529342
1734,0.003222656,0.001295557
1735,0.003710938,0.003542648
1736,0.005566406,0.003412384
1737,0.004833984,0.002315607
1738,0.004150391,0.002051362
1739,0.004345703,0.00301353
1740,0.003222656,0.001943335
1741,0.003759766,0.001048384
1742,0.003759766,0.001904297
1743,0.0046875,0.001451765
1744,0.004443359,0.002346292
1745,0.00390625,0.001604656
1746,0.004541016,0.002025632
1747,0.003710938,0.001855469
1748,0.005810547,0.001766607
1749,0.004638672,0.001722879
1750,0.003417969,0.001431922
1751,0.003662109,0.000906942
1752,0.003662109,0.000794864
1753,0.003808594,0.001901164
1754,0.003417969,0.001431922
1755,0.004345703,0.001655122
1756,0.003808594,0.002554042
1757,0.00390625,0.002300629
1758,0.004003906,0.002046126
1759,0.003808594,0.001571629
1760,0.003466797,0.000963041
1761,0.0046875,0.001295557
1762,0.003222656,0.002050781
1763,0.003417969,0.00194088
1764,0.003320313,0.001601682
1765,0.004394531,0.001544081
1766,0.003662109,0.0019804
1767,0.003808594,0.001645732
1768,0.004443359,0.001626057
1769,0.003662109,0.002004334
1770,0.004931641,0.001845806
1771,0.004492188,0.001875915
1772,0.004882813,0.002480161
1773,0.004296875,0.001674456
1774,0.005712891,0.002736554
1775,0.005322266,0.001697787
1776,0.004931641,0.001354045
1777,0.004101563,0.001239119
1778,0.005419922,0.000963041
1779,0.004785156,0.001461585
1780,0.004150391,0.001919262
1781,0.005224609,0.001720109
1782,0.004003906,0.001962866
1783,0.004492188,0.002022687
1784,0.004199219,0.001607625
1785,0.004394531,0.001774014
1786,0.00390625,0.002094493
1787,0.005224609,0.00185354
1788,0.004296875,0.001645732
1789,0.003564453,0.001620182
1790,0.003759766,0.001513672
1791,0.003613281,0.002130608
1792,0.004541016,0.001575417
1793,0.003125,0.002152872
1794,0.004101563,0.001096189
1795,0.004980469,0.002600298
1796,0.003955078,0.002122199
1797,0.004394531,0.001175937
1798,0.003222656,0.000931581
1799,0.004443359,0.001164732
1800,0.004150391,0.001790734
1801,0.004101563,0.001468095
1802,0.004345703,0.00137154
1803,0.003613281,0.001531678
1804,0.003271484,0.00178807
1805,0.003955078,0.001845806
1806,0.004345703,0.002065262
1807,0.003173828,0.001052923
1808,0.003759766,0.0021177
1809,0.003955078,0.001581458
1810,0.004833984,0.002925208
1811,0.004199219,0.001708287
1812,0.003125,0.00249167
1813,0.003564453,0.002025632
1814,0.003808594,0.002439452
1815,0.003857422,0.001388815
1816,0.004345703,0.001455864
1817,0.003417969,0.001291871
1818,0.003466797,0.001388815
1819,0.003662109,0.001666606
1820,0.002832031,0.001269531
1821,0.003173828,0.001652239
1822,0.003027344,0.0014118
1823,0.003369141,0.001204977
1824,0.003759766,0.00164935
1825,0.004150391,0.001817167
1826,0.004541016,0.0021177
1827,0.003515625,0.001571629
1828,0.002783203,0.001092921
1829,0.003662109,0.001931645
1830,0.003466797,0.001611328
1831,0.003369141,0.001793395
1832,0.003320313,0.001798042
1833,0.003369141,0.00137154
1834,0.003320313,0.001730473
1835,0.003515625,0.001571629
1836,0.004101563,0.001547166
1837,0.003369141,0.001832844
1838,0.003710938,0.001637017
1839,0.003271484,0.001575417
1840,0.003515625,0.001087454
1841,0.002978516,0.001034649
1842,0.003613281,0.001694273
1843,0.004394531,0.001134663
1844,0.003466797,0.001611328
1845,0.003710938,0.001516033
1846,0.003808594,0.001556385
1847,0.004541016,0.00174761
1848,0.003710938,0.001367188
1849,0.00390625,0.00186572
1850,0.0046875,0.002472459
1851,0.004150391,0.001563263
1852,0.003613281,0.001651517
1853,0.003662109,0.001943948
1854,0.004101563,0.001028872
1855,0.002832031,0.001171875
1856,0.003759766,0.001720109
1857,0.003662109,0.000906942
1858,0.003271484,0.001346984
1859,0.004052734,0.001827634
1860,0.004443359,0.002315607
1861,0.004003906,0.001784733
1862,0.003222656,0.001829589
1863,0.00390625,0.00148103
1864,0.004296875,0.002256684
1865,0.003369141,0.001535565
1866,0.004003906,0.00125061
1867,0.004003906,0.000647778
1868,0.002734375,0.001694273
1869,0.004003906,0.001837391
1870,0.003808594,0.001757813
1871,0.004492188,0.001525439
1872,0.004541016,0.001827634
1873,0.004589844,0.001637017
1874,0.004443359,0.001806641
1875,0.003955078,0.001519959
1876,0.003515625,0.001065304
1877,0.003808594,0.002170519
1878,0.003515625,0.001231398
1879,0.002929688,0.001381068
1880,0.003417969,0.001760523
1881,0.004345703,0.00124392
1882,0.003027344,0.001306552
1883,0.003759766,0.001329166
1884,0.003808594,0.001525439
1885,0.003515625,0.001377611
1886,0.002734375,0.001219726
1887,0.003857422,0.001336322
1888,0.003564453,0.001114523
1889,0.003076172,0.002072177
1890,0.003466797,0.00124392
1891,0.003125,0.00131383
1892,0.00390625,0.001254417
1893,0.003662109,0.001919262
1894,0.003369141,0.000937958
1895,0.004101563,0.00076272
1896,0.003173828,0.001220703
1897,0.003466797,0.001354045
1898,0.003125,0.00131383
1899,0.004150391,0.001452585
1900,0.003710938,0.001637017
1901,0.004150391,0.00157844
1902,0.004443359,0.002678435
1903,0.004150391,0.002197266
1904,0.002978516,0.00124392
1905,0.003466797,0.00282571
1906,0.003417969,0.001903671
1907,0.004150391,0.001006618
1908,0.003564453,0.00117695
1909,0.002539063,0.001211882
1910,0.003027344,0.001771324
1911,0.003417969,0.001291871
1912,0.004248047,0.001891735
1913,0.003125,0.001577685
1914,0.003955078,0.002042043
1915,0.003662109,0.002323829
1916,0.002734375,0.001117727
1917,0.003125,0.001816511
1918,0.004101563,0.001803338
1919,0.002539063,0.001556385
1920,0.003466797,0.002188568
1921,0.003662109,0.001075328
1922,0.002148438,0.001096189
1923,0.004199219,0.001735975
1924,0.003027344,0.001631181
1925,0.002929688,0.001381068
1926,0.003369141,0.001123047
1927,0.00390625,0.001619446
1928,0.003173828,0.00157844
1929,0.003515625,0.001901164
1930,0.004199219,0.002062374
1931,0.004199219,0.001893625
1932,0.004101563,0.002649348
1933,0.003222656,0.001516033
1934,0.003857422,0.001683686
1935,0.00390625,0.001648627
1936,0.003662109,0.001402481
1937,0.003955078,0.00128168
1938,0.003613281,0.001979798
1939,0.004345703,0.00137154
1940,0.004150391,0.000852747
1941,0.003125,0.001516033
1942,0.003271484,0.001513672
1943,0.003515625,0.001586726
1944,0.003515625,0.001586726
1945,0.002734375,0.001418539
1946,0.003173828,0.001452585
1947,0.003027344,0.00139481
1948,0.004199219,0.002027396
1949,0.004101563,0.001829589
1950,0.003173828,0.002039707
1951,0.003369141,0.001669465
1952,0.003320313,0.001211882
1953,0.0046875,0.001665891
1954,0.004150391,0.001350519
1955,0.004296875,0.001461585
1956,0.00390625,0.001310196
1957,0.00390625,0.001705493
1958,0.003369141,0.001422735
1959,0.004199219,0.001855469
1960,0.00390625,0.001663026
1961,0.004101563,0.001637017
1962,0.004638672,0.001680851
1963,0.005029297,0.001416016
1964,0.004150391,0.001402481
1965,0.003222656,0.001295557
1966,0.003662109,0.001485049
1967,0.004345703,0.00264259
1968,0.004003906,0.001771324
1969,0.003613281,0.001918641
1970,0.003125,0.002229045
1971,0.003417969,0.001977388
1972,0.003662109,0.00125916
1973,0.006298828,0.002166671
1974,0.002978516,0.001079753
1975,0.004785156,0.001645732
1976,0.004785156,0.001192046
1977,0.005419922,0.001655122
1978,0.004052734,0.002290763
1979,0.004296875,0.002339677
1980,0.004101563,0.001484246
1981,0.005175781,0.003035209
1982,0.003759766,0.001590478
1983,0.004443359,0.002076774
1984,0.005419922,0.001766607
1985,0.004736328,0.002372565
1986,0.0046875,0.001880992
1987,0.004199219,0.002649348
1988,0.004394531,0.00157466
1989,0.004199219,0.0015625
1990,0.005371094,0.003216732
1991,0.005371094,0.003149319
1992,0.004199219,0.002039122
1993,0.004199219,0.001117727
1994,0.003417969,0.001648627
1995,0.005322266,0.001934112
1996,0.003710938,0.001516033
1997,0.004541016,0.002001953
1998,0.003955078,0.002336108
1999,0.004345703,0.002560103
2000,0.003808594,0.001109162
2001,0.003613281,0.001468095
